"Literature_PID";"Dataset_PID";"DataCite_RelationType_of_Dataset_PID_record";"Scholix_link_available"
"10.5194/nhess-21-3599-2021";"10.5880/riesgos.2021.007";"NULL";"False"
"10.1016/j.epsl.2012.06.050";2411800373;"NULL";"False"
"10.1016/j.quascirev.2020.106715";3195009065;"NULL";"False"
"10.1039/c8sc01074a";"6frg";"NULL";"False"
"10.1016/j.ejmech.2019.05.049";"6r35";"NULL";"False"
"10.1038/nchembio.1312";"3c0n";"NULL";"False"
"10.1186/s13059-023-02919-8";"10.5281/zenodo.7563417";"NULL";"False"
"10.1038/s41422-021-00605-7";"7vhp";"NULL";"False"
"10.1016/j.molcel.2018.08.042";"10.17632/jktyjvy9hg";"NULL";"False"
"10.1186/s13073-017-0399-z";"10.6084/m9.figshare.c.3675778_d4";"NULL";"False"
"10.1074/jbc.m114.604397";"3q4t";"NULL";"False"
"10.1021/ic401516m";"10.25505/fiz.icsd.cc11pkr1";"NULL";"False"
"10.1029/2002pa000780";2582554733;"NULL";"False"
"10.1002/cbic.201700437";"10.13018/bmr30307";"NULL";"False"
"10.1186/s13059-016-1013-1";2775741846;"NULL";"False"
"10.1016/j.ejmech.2018.04.035";"5o1b";"NULL";"False"
"10.1002/cbic.202200180";"7u59";"NULL";"False"
"10.1016/j.marpol.2019.103521";"10.17632/8pbwp5yn63";"NULL";"False"
"10.1016/j.margeo.2011.08.003";2754238032;"NULL";"False"
"10.1007/s10811-015-0563-z";2401845653;"NULL";"False"
"10.1186/s10152-018-0513-7";2947018844;"NULL";"False"
"10.3289/geomar_rep_ns_8_2013";2728683026;"NULL";"False"
"10.1038/s41467-017-02230-8";"5n5b";"NULL";"False"
"10.1029/2008pa001636";2343201852;"NULL";"False"
"10.1016/j.neuron.2016.06.018";"5l5c";"NULL";"False"
"10.3204/pubdb-2022-07163";"10.17182/hepdata.115142.v1/t735";"NULL";"False"
"10.3204/pubdb-2022-04089";"10.17182/hepdata.114366.v1/t1";"NULL";"False"
"10.3204/pubdb-2019-05273";"10.17182/hepdata.91374.v2/t90";"NULL";"False"
"10.3204/pubdb-2019-01838";"10.5281/zenodo.1284241";"NULL";"False"
"10.3204/pubdb-2018-04200";"10.17182/hepdata.86140.v1/t10";"NULL";"False"
"10.3204/pubdb-2023-04967";"10.17182/hepdata.141286.v1/t13";"NULL";"False"
"10.3204/pubdb-2023-04967";"10.17182/hepdata.141286.v1/t30";"NULL";"False"
"10.1039/d1cc02192c";"7arr";"NULL";"False"
"10.3204/pubdb-2020-02638";"10.17182/hepdata.89413.v1/t62";"NULL";"False"
"10.3204/pubdb-2020-02638";"10.17182/hepdata.89413.v2/t88";"NULL";"False"
"10.3204/pubdb-2020-02638";"10.17182/hepdata.89413.v3/t12";"NULL";"False"
"10.3204/pubdb-2020-02638";"10.17182/hepdata.89413.v4/t145";"NULL";"False"
"10.3204/pubdb-2020-04657";"10.17182/hepdata.100163.v2/t13";"NULL";"False"
"10.3204/pubdb-2023-05107";"10.17182/hepdata.135972.v1/t54";"NULL";"False"
"10.3204/pubdb-2019-02153";"10.17182/hepdata.88348.v1/t1";"NULL";"False"
"10.3204/pubdb-2023-06486";"10.17182/hepdata.140341.v1/t43";"NULL";"False"
"10.3204/pubdb-2024-01961";"10.5517/ccdc.csd.cc2b51wg";"NULL";"False"
"10.3204/pubdb-2022-00645";"10.17182/hepdata.95747.v1/t2";"NULL";"False"
"10.3204/pubdb-2020-03256";"6xwg";"NULL";"False"
"10.3204/pubdb-2024-05339";"10.17182/hepdata.145758.v1/t11";"NULL";"False"
"10.3204/pubdb-2024-05339";"10.17182/hepdata.145758.v1/t52";"NULL";"False"
"10.3204/pubdb-2024-05339";"10.17182/hepdata.145758.v1/t78";"NULL";"False"
"10.3204/pubdb-2024-05526";"10.17182/hepdata.149530.v1/t28";"NULL";"False"
"10.3204/pubdb-2024-05526";"10.17182/hepdata.149530.v1/t34";"NULL";"False"
"10.3204/pubdb-2021-05473";"10.17182/hepdata.100351.v1/t4";"NULL";"False"
"10.3204/pubdb-2021-05473";"10.17182/hepdata.100351.v2/t44";"NULL";"False"
"10.3204/pubdb-2020-04586";"10.17182/hepdata.89874.v1/t34";"NULL";"False"
"10.3204/pubdb-2020-04586";"10.17182/hepdata.89874.v1/t38";"NULL";"False"
"10.3204/pubdb-2022-06635";"10.17182/hepdata.89937.v2/t11";"NULL";"False"
"10.3204/pubdb-2023-04964";"10.17182/hepdata.140801.v1/t17";"NULL";"False"
"10.3204/pubdb-2021-02954";"10.17182/hepdata.102954.v1/t6";"NULL";"False"
"10.3204/pubdb-2021-05276";"10.17182/hepdata.114866.v1/t36";"NULL";"False"
"10.3204/pubdb-2018-05790";"10.17182/hepdata.91404.v1/t16";"NULL";"False"
"10.3204/pubdb-2021-04126";"10.17182/hepdata.100161.v1/t3";"NULL";"False"
"10.3204/pubdb-2020-00997";"10.17182/hepdata.90837.v1/t15";"NULL";"False"
"10.3204/pubdb-2023-03996";"10.17182/hepdata.116034.v1/t124";"NULL";"False"
"10.3204/pubdb-2023-03996";"10.17182/hepdata.116034.v1/t9";"NULL";"False"
"10.3204/pubdb-2018-04656";"10.17182/hepdata.81626.v1/t38";"NULL";"False"
"10.3204/pubdb-2019-02068";"10.17182/hepdata.85768.v1/t28";"NULL";"False"
"10.3204/pubdb-2022-00643";"10.17182/hepdata.97041.v1/t251";"NULL";"False"
"10.3204/pubdb-2018-05481";"5drs";"NULL";"False"
"10.1074/jbc.m604865200";"2hak";"NULL";"False"
"10.3204/pubdb-2023-04067";"10.17182/hepdata.137762.v1/t29";"NULL";"False"
"10.3204/pubdb-2023-04067";"10.17182/hepdata.137762.v1/t87";"NULL";"False"
"10.3204/pubdb-2022-05075";"10.17182/hepdata.133620.v1/t15";"NULL";"False"
"10.3204/pubdb-2020-02646";"10.17182/hepdata.91160.v1/t159";"NULL";"False"
"10.3204/pubdb-2020-02646";"10.17182/hepdata.91160.v1/t376";"NULL";"False"
"10.3204/pubdb-2021-03986";"10.17182/hepdata.102798.v1/t16";"NULL";"False"
"10.3204/pubdb-2022-01108";"10.17182/hepdata.111308.v1/t1905";"NULL";"False"
"10.3204/pubdb-2022-01108";"10.17182/hepdata.111308.v1/t546";"NULL";"False"
"10.3204/pubdb-2019-04458";"10.17182/hepdata.91969.v1/t12";"NULL";"False"
"10.3204/pubdb-2022-07195";"10.17182/hepdata.129623.v1/t7";"NULL";"False"
"10.3204/pubdb-2020-04298";"6tdp";"NULL";"False"
"10.3204/pubdb-2018-02419";"10.17182/hepdata.78930.v1/t2";"NULL";"False"
"10.3204/pubdb-2017-13861";"10.17182/hepdata.79057.v1/t32";"NULL";"False"
"10.3204/pubdb-2022-00913";"10.17182/hepdata.115577.v2/t25";"NULL";"False"
"10.3204/pubdb-2022-00913";"10.17182/hepdata.115577.v2/t7";"NULL";"False"
"10.3204/pubdb-2024-05293";"10.17182/hepdata.131524.v1/t48";"NULL";"False"
"10.3204/pubdb-2024-05293";"10.17182/hepdata.131524.v1/t64";"NULL";"False"
"10.1016/j.chembiol.2009.04.010";"3hbr";"NULL";"False"
"10.3204/pubdb-2024-04723";"10.17182/hepdata.144178.v1/t29";"NULL";"False"
"10.3204/pubdb-2023-06880";"8b1g";"NULL";"False"
"10.3204/pubdb-2022-06457";"10.17182/hepdata.136029.v1/t117";"NULL";"False"
"10.3204/pubdb-2022-06457";"10.17182/hepdata.136029.v1/t120";"NULL";"False"
"10.3204/pubdb-2022-06457";"10.17182/hepdata.136029.v1/t14";"NULL";"False"
"10.1039/d3qo01389h";"10.5517/ccdc.csd.cc2gp3ny";"NULL";"False"
"10.3204/pubdb-2018-04172";"10.17182/hepdata.86517.v1/t15";"NULL";"False"
"10.1002/prot.22222";"3ca3";"NULL";"False"
"10.3204/pubdb-2021-03527";"10.17182/hepdata.101374.v1/t19";"NULL";"False"
"10.3204/pubdb-2018-00236";"10.17182/hepdata.85867.v1/t13";"NULL";"False"
"10.3204/pubdb-2022-07618";"10.17182/hepdata.135827.v2/t52";"NULL";"False"
"10.3204/pubdb-2022-05137";"10.17182/hepdata.128147.v1/t104";"NULL";"False"
"10.3204/pubdb-2022-05137";"10.17182/hepdata.128147.v1/t168";"NULL";"False"
"10.3204/pubdb-2022-05137";"10.17182/hepdata.128147.v1/t186";"NULL";"False"
"10.3204/pubdb-2018-04577";"10.17182/hepdata.81950.v1/t110";"NULL";"False"
"10.3204/pubdb-2024-00243";"10.5517/ccdc.csd.cc2g6z9z";"NULL";"False"
"10.3204/pubdb-2018-02190";"10.17182/hepdata.80166.v1/t2";"NULL";"False"
"10.3204/pubdb-2019-03399";"10.17182/hepdata.90834.v1/t12";"NULL";"False"
"10.3204/pubdb-2019-03399";"10.17182/hepdata.90834.v1/t40";"NULL";"False"
"10.3204/pubdb-2020-02315";"10.17182/hepdata.94261.v1/t1";"NULL";"False"
"10.3204/pubdb-2023-06437";"10.17182/hepdata.106058.v1/t16";"NULL";"False"
"10.3204/pubdb-2024-05180";"10.17182/hepdata.134245.v1/t28";"NULL";"False"
"10.3204/pubdb-2020-05208";"10.17182/hepdata.96028.v1/t4";"NULL";"False"
"10.3204/pubdb-2017-00948";"10.6084/m9.figshare.4579216";"NULL";"False"
"10.3204/pubdb-2018-03637";"10.17182/hepdata.84716.v2/t67";"NULL";"False"
"10.1016/j.jmb.2007.02.051";"2j6r";"NULL";"False"
"10.1039/d1dt04255f";"10.5517/ccdc.csd.cc29cjdm";"NULL";"False"
"10.3204/pubdb-2023-04064";"10.17182/hepdata.127994.v1/t59";"NULL";"False"
"10.3204/pubdb-2022-07347";"10.17182/hepdata.110164.v1/t74";"NULL";"False"
"10.3204/pubdb-2023-07702";"10.17182/hepdata.145855.v1/t2";"NULL";"False"
"10.3204/pubdb-2018-04175";"10.17182/hepdata.88380.v1/t3";"NULL";"False"
"10.3204/pubdb-2020-02512";"10.17182/hepdata.94786.v1/t6";"NULL";"False"
"10.3204/pubdb-2017-13812";"10.17182/hepdata.80580.v1/t31";"NULL";"False"
"10.3204/pubdb-2017-13812";"10.17182/hepdata.80580.v1/t6";"NULL";"False"
"10.3204/pubdb-2023-03828";"10.25505/fiz.icsd.cc2cyxs1";"NULL";"False"
"10.3204/pubdb-2020-00525";"10.6084/m9.figshare.c.4289636";"NULL";"False"
"10.3204/pubdb-2017-02342";"10.17182/hepdata.77480.v1/t13";"NULL";"False"
"10.3204/pubdb-2022-01341";"10.5517/ccdc.csd.cc29hmhy";"NULL";"False"
"10.3204/pubdb-2022-04626";"10.5517/ccdc.csd.cc2bg3sq";"NULL";"False"
"10.3204/pubdb-2022-00918";"10.17182/hepdata.114414.v1/t22";"NULL";"False"
"10.3204/pubdb-2016-06639";"10.17182/hepdata.76506.v1/t12";"NULL";"False"
"10.3204/pubdb-2019-03393";"10.17182/hepdata.90950.v1/t1";"NULL";"False"
"10.1038/s41598-021-95186-1";"7bmv";"NULL";"False"
"10.3204/pubdb-2017-13354";"10.17182/hepdata.79953.v2/t12";"NULL";"False"
"10.3204/pubdb-2023-00884";"10.25505/fiz.icsd.cc265cvm";"NULL";"False"
"10.3204/pubdb-2024-04722";"10.17182/hepdata.138416.v1/t49";"NULL";"False"
"10.3204/pubdb-2024-04722";"10.17182/hepdata.138416.v2/t81";"NULL";"False"
"10.3204/pubdb-2024-00879";"10.17182/hepdata.146645.v1/t57";"NULL";"False"
"10.3204/pubdb-2024-05292";"10.17182/hepdata.144918.v1/t25";"NULL";"False"
"10.3204/pubdb-2017-13352";"10.17182/hepdata.81944.v1/t1";"NULL";"False"
"10.3204/pubdb-2017-13352";"10.17182/hepdata.81944.v2/t11";"NULL";"False"
"10.3204/pubdb-2020-02556";"10.17182/hepdata.91126.v1/t24";"NULL";"False"
"10.3204/pubdb-2020-02556";"10.17182/hepdata.91126.v1/t7";"NULL";"False"
"10.1063/1.4931825";"5apd";"NULL";"False"
"10.3204/pubdb-2022-06923";"10.17182/hepdata.135454.v1/t17";"NULL";"False"
"10.3204/pubdb-2018-04564";"10.17182/hepdata.81709.v1/t150";"NULL";"False"
"10.3204/pubdb-2018-04564";"10.17182/hepdata.81709.v1/t75";"NULL";"False"
"10.3204/pubdb-2022-04899";"10.17182/hepdata.113657.v3/t60";"NULL";"False"
"10.3204/pubdb-2022-04899";"10.17182/hepdata.113657.v3/t64";"NULL";"False"
"10.3204/pubdb-2023-04415";"10.17182/hepdata.135073.v1/t47";"NULL";"False"
"10.3204/pubdb-2020-02663";"10.17182/hepdata.94218.v1/t15";"NULL";"False"
"10.3204/pubdb-2022-01358";"10.17182/hepdata.115022.v2/t15";"NULL";"False"
"10.3204/pubdb-2022-01358";"10.17182/hepdata.115022.v2/t18";"NULL";"False"
"10.3204/pubdb-2021-02362";"10.17182/hepdata.96389.v1/t1";"NULL";"False"
"10.3204/pubdb-2020-02514";"10.17182/hepdata.94383.v1/t4";"NULL";"False"
"10.3204/pubdb-2023-07701";"10.17182/hepdata.145164.v1/t19";"NULL";"False"
"10.3204/pubdb-2023-04818";"10.17182/hepdata.95928.v1/t91";"NULL";"False"
"10.3204/pubdb-2020-05214";"10.17182/hepdata.98796.v2/t15";"NULL";"False"
"10.3204/pubdb-2024-06155";"10.17182/hepdata.144072.v1/t20";"NULL";"False"
"10.3204/pubdb-2020-02264";"10.17182/hepdata.91059.v1/t1";"NULL";"False"
"10.3204/pubdb-2020-02264";"10.17182/hepdata.91059.v1/t8";"NULL";"False"
"10.1140/epjc/s2005-02471-x";"10.17182/hepdata.45524.v1/t3";"NULL";"False"
"10.3204/pubdb-2023-04805";"10.17182/hepdata.132484.v1/t11";"NULL";"False"
"10.3204/pubdb-2023-04805";"10.17182/hepdata.132484.v1/t3";"NULL";"False"
"10.3204/pubdb-2020-04623";"10.17182/hepdata.89325.v1/t215";"NULL";"False"
"10.3204/pubdb-2020-04623";"10.17182/hepdata.89325.v1/t67";"NULL";"False"
"10.3204/pubdb-2020-04623";"10.17182/hepdata.89325.v1/t98";"NULL";"False"
"10.3204/pubdb-2020-05211";"10.17182/hepdata.99806.v2/t128";"NULL";"False"
"10.3204/pubdb-2023-05966";"10.5517/ccdc.csd.cc2h43d5";"NULL";"False"
"10.3204/pubdb-2024-00210";"10.25505/fiz.icsd.cc2cxqpq";"NULL";"False"
"10.3204/pubdb-2023-01398";"7zhr";"NULL";"False"
"10.3204/pubdb-2019-05084";"10.17182/hepdata.95758.v1/t732";"NULL";"False"
"10.3204/pubdb-2019-05084";"10.17182/hepdata.95758.v1/t855";"NULL";"False"
"10.3204/pubdb-2022-05111";"10.17182/hepdata.134011.v1/t29";"NULL";"False"
"10.3204/pubdb-2023-01378";"10.25505/fiz.icsd.cc23b9zr";"NULL";"False"
"10.3204/pubdb-2020-02524";"10.17182/hepdata.92073.v1/t165";"NULL";"False"
"10.3204/pubdb-2020-02524";"10.17182/hepdata.92073.v1/t83";"NULL";"False"
"10.3204/pubdb-2020-02524";"10.17182/hepdata.92073.v2/t97";"NULL";"False"
"10.3204/pubdb-2017-10415";"10.5517/ccdc.csd.cc1p1cjm";"NULL";"False"
"10.3204/pubdb-2022-06347";"10.17182/hepdata.95751.v2/t16";"NULL";"False"
"10.3204/pubdb-2022-06347";"10.17182/hepdata.95751.v2/t74";"NULL";"False"
"10.3204/pubdb-2020-02329";"10.17182/hepdata.91760.v1/t3";"NULL";"False"
"10.3204/pubdb-2019-04834";"10.17182/hepdata.93743.v1/t3";"NULL";"False"
"10.3204/pubdb-2019-05277";"10.17182/hepdata.90606.v1/t61";"NULL";"False"
"10.3204/pubdb-2023-07895";"10.17182/hepdata.140530.v1/t40";"NULL";"False"
"10.3204/pubdb-2023-07895";"10.17182/hepdata.140530.v1/t41";"NULL";"False"
"10.3204/pubdb-2023-06439";"10.17182/hepdata.137761.v1/t2";"NULL";"False"
"10.1016/j.cell.2010.05.039";"3hs2";"NULL";"False"
"10.3204/pubdb-2020-02543";"10.17182/hepdata.94802.v1/t14";"NULL";"False"
"10.3204/pubdb-2018-01812";"10.17182/hepdata.85696.v1/t84";"NULL";"False"
"10.3204/pubdb-2018-01812";"10.17182/hepdata.85696.v2/t224";"NULL";"False"
"10.3204/pubdb-2024-00177";"10.17182/hepdata.132116.v2/t35";"NULL";"False"
"10.3204/pubdb-2019-00414";"10.5517/ccdc.csd.cc1zp9ts";"NULL";"False"
"10.3204/pubdb-2021-05610";"10.17182/hepdata.106059.v1/t8";"NULL";"False"
"10.3204/pubdb-2021-05610";"10.17182/hepdata.106059.v2/t14";"NULL";"False"
"10.3204/pubdb-2024-04842";"10.17182/hepdata.144335.v1/t20";"NULL";"False"
"10.3204/pubdb-2024-04842";"10.17182/hepdata.144335.v1/t49";"NULL";"False"
"10.3204/pubdb-2024-04842";"10.17182/hepdata.144335.v1/t65";"NULL";"False"
"10.1016/0969-2126(93)90014-8";"1psp";"NULL";"False"
"10.3204/pubdb-2020-03557";"10.17182/hepdata.99690.v1/t63";"NULL";"False"
"10.3204/pubdb-2023-05105";"10.17182/hepdata.141323.v1/t7";"NULL";"False"
"10.3204/pubdb-2021-02449";"10.17182/hepdata.91998.v1/t88";"NULL";"False"
"10.3204/pubdb-2021-02449";"10.17182/hepdata.91998.v1/t90";"NULL";"False"
"10.3204/pubdb-2018-00339";"10.17182/hepdata.76730.v1/t21";"NULL";"False"
"10.3204/pubdb-2019-01103";"10.17182/hepdata.88396.v1/t21";"NULL";"False"
"10.1016/j.bmc.2010.09.039";"3nc4";"NULL";"False"
"10.3204/pubdb-2021-05474";"10.17182/hepdata.103063.v1/t549";"NULL";"False"
"10.1039/c3cc39076d";"4hgf";"NULL";"False"
"10.3204/pubdb-2023-08132";"10.17182/hepdata.147283.v1/t109";"NULL";"False"
"10.3204/pubdb-2021-01075";"10.5517/ccdc.csd.cc26rft7";"NULL";"False"
"10.3204/pubdb-2017-04115";"10.17182/hepdata.16272.v1/t14";"NULL";"False"
"10.3204/pubdb-2022-00233";"10.17182/hepdata.103066.v1/t6";"NULL";"False"
"10.3204/pubdb-2024-05529";"10.17182/hepdata.138878.v1/t244";"NULL";"False"
"10.3204/pubdb-2021-01443";"10.17182/hepdata.101186.v2/t24";"NULL";"False"
"10.3204/pubdb-2021-01443";"10.17182/hepdata.101186.v2/t5";"NULL";"False"
"10.3204/pubdb-2022-00934";"10.17182/hepdata.137886.v1/t55";"NULL";"False"
"10.3204/phppubdb-6134";"10.17182/hepdata.13387.v1/t192";"NULL";"False"
"10.3204/phppubdb-6134";"10.17182/hepdata.13387.v1/t205";"NULL";"False"
"10.3204/pubdb-2019-01835";"5nfr";"NULL";"False"
"10.3204/pubdb-2024-00460";"7pmw";"NULL";"False"
"10.3204/pubdb-2024-00460";"7pmx";"NULL";"False"
"10.3204/pubdb-2021-02939";"10.17182/hepdata.93884.v1/t156";"NULL";"False"
"10.1126/science.aaw9904";"6qi2";"NULL";"False"
"10.3204/pubdb-2019-00334";"10.17182/hepdata.93070.v1/t2";"NULL";"False"
"10.3204/pubdb-2022-05076";"10.17182/hepdata.135459.v1/t103";"NULL";"False"
"10.3204/pubdb-2023-04791";"10.17182/hepdata.135676.v1/t49";"NULL";"False"
"10.3204/pubdb-2023-00129";3194945343;"NULL";"False"
"10.1007/bf02909169";"10.17182/hepdata.11638.v1/t65";"NULL";"False"
"10.1006/jmbi.1995.0419";"1gdj";"NULL";"False"
"10.3204/desy-2013-00390";"10.17182/hepdata.62783.v1/t114";"NULL";"False"
"10.3204/desy-2013-00390";"10.17182/hepdata.62783.v1/t170";"NULL";"False"
"10.3204/desy-2013-00390";"10.17182/hepdata.62783.v1/t188";"NULL";"False"
"10.1006/jmbi.1994.0126";"2cst";"NULL";"False"
"10.3204/pubdb-2023-03744";"10.5517/ccdc.csd.cc2046x9";"NULL";"False"
"10.3204/pubdb-2023-04583";"10.17182/hepdata.130818.v2/t4";"NULL";"False"
"10.3204/pubdb-2023-01809";"10.5517/ccdc.csd.cc29lgt6";"NULL";"False"
"10.3204/pubdb-2020-03201";"6qup";"NULL";"False"
"10.3204/pubdb-2021-00104";"6sff";"NULL";"False"
"10.3204/pubdb-2019-00174";"10.5517/ccdc.csd.cc20gwcr";"NULL";"False"
"10.3204/pubdb-2019-03521";"6ql3";"NULL";"False"
"10.3204/pubdb-2021-03629";"10.5517/ccdc.csd.cc257qsy";"NULL";"False"
"10.3204/pubdb-2019-04080";"10.5517/ccdc.csd.cc20wx83";"NULL";"False"
"10.1107/s2059798322008397";"10.15785/sbgrid/884";"NULL";"False"
"10.3204/pubdb-2019-01834";"4xe5";"NULL";"False"
"10.3204/pubdb-2020-05138";"10.5517/ccdc.csd.cc24vgt9";"NULL";"False"
"10.34734/fzj-2023-03651";"10.5517/ccdc.csd.cc2ghds5";"NULL";"False"
"10.1039/d1dt00359c";"10.5517/ccdc.csd.cc26tzvw";"NULL";"False"
"10.1038/sdata.2017.3";"10.6084/m9.figshare.c.3471585_d69.v1";"NULL";"False"
"10.3390/ijms222111779";"7nf5";"NULL";"False"
"10.15120/gsi-2021-00161";"10.17182/hepdata.93150.v1/t12";"NULL";"False"
"10.15120/gsi-2024-00279";"10.17182/hepdata.133032.v1/t10";"NULL";"False"
"10.15120/gsi-2024-00165";"10.17182/hepdata.145759.v1/t9";"NULL";"False"
"10.15120/gsi-2021-00175";"10.17182/hepdata.95121.v1/t21";"NULL";"False"
"10.15120/gsi-2021-00372";"10.17182/hepdata.92019.v1/t25";"NULL";"False"
"10.15120/gsi-2019-00408";"10.17182/hepdata.78924.v1/t18";"NULL";"False"
"10.15120/gsi-2019-00660";"10.17182/hepdata.89872";"NULL";"False"
"10.15120/gsi-2024-00283";"10.17182/hepdata.133033.v1/t2";"NULL";"False"
"10.15120/gsi-2022-00103";"10.17182/hepdata.110113.v1/t5";"NULL";"False"
"10.15120/gsi-2022-00068";"10.17182/hepdata.100303.v1/t26";"NULL";"False"
"10.15120/gsi-2023-00145";"10.17182/hepdata.128683.v1/t9";"NULL";"False"
"10.15120/gsi-2021-00160";"10.17182/hepdata.96956.v1/t3";"NULL";"False"
"10.15120/gsi-2021-00189";"10.17182/hepdata.93229.v1/t46";"NULL";"False"
"10.15120/gsi-2021-00178";"10.17182/hepdata.99031.v1/t1";"NULL";"False"
"10.15120/gsi-2024-00242";"10.17182/hepdata.141495.v1/t17";"NULL";"False"
"10.15120/gsi-2022-00070";"10.17182/hepdata.100166.v1/t17";"NULL";"False"
"10.15120/gsi-2022-00070";"10.17182/hepdata.100166.v1/t4";"NULL";"False"
"10.15120/gsi-2024-00254";"10.17182/hepdata.134041";"NULL";"False"
"10.15120/gsi-2024-00309";"10.17182/hepdata.154625.v1/t18";"NULL";"False"
"10.15120/gsi-2024-00309";"10.17182/hepdata.154625.v1/t28";"NULL";"False"
"10.15120/gsi-2024-00223";"10.17182/hepdata.143518.v1/t3";"NULL";"False"
"10.15120/gsi-2021-00163";"10.17182/hepdata.94314.v1/t13";"NULL";"False"
"10.15120/gsi-2021-00163";"10.17182/hepdata.94314.v1/t8";"NULL";"False"
"10.15120/gsi-2022-00081";"10.17182/hepdata.114213.v1/t6";"NULL";"False"
"10.15120/gsi-2021-00198";"10.17182/hepdata.96821.v1/t13";"NULL";"False"
"10.15120/gsi-2015-01478";"10.17182/hepdata.65214.v1/t10";"NULL";"False"
"10.15120/gsi-2023-00144";"10.17182/hepdata.128823.v1/t19";"NULL";"False"
"10.15120/gsi-2023-00144";"10.17182/hepdata.128823.v1/t43";"NULL";"False"
"10.15120/gsi-2023-00144";"10.17182/hepdata.128823.v1/t6";"NULL";"False"
"10.15120/gsi-2022-00106";"10.17182/hepdata.110876.v1/t4";"NULL";"False"
"10.15120/gsi-2018-00517";"10.6084/m9.figshare.5686561.v1";"NULL";"False"
"10.15120/gsi-2024-00233";"10.17182/hepdata.135800.v1/t12";"NULL";"False"
"10.1103/physrevc.109.044902";"10.17182/hepdata.100595.v1/t12";"NULL";"False"
"10.15120/gsi-2022-00109";"10.17182/hepdata.106205.v1/t6";"NULL";"False"
"10.15120/gsi-2024-00238";"10.17182/hepdata.138866.v1/t12";"NULL";"False"
"10.5445/ir/1000096907";"10.34804/supra.2021092883";"NULL";"False"
"10.5445/ir/1000172922";"10.17182/hepdata.144165.v1/t13";"NULL";"False"
"10.5445/ir/1000128152";"10.5517/ccdc.csd.cc24wrvn";"NULL";"False"
"10.1016/s0025-3227(02)00659-x";1447884589;"NULL";"False"
"10.5445/ir/1000133978";"10.5517/ccdc.csd.cc27jg08";"NULL";"False"
"10.5445/ir/1000161107";"10.17182/hepdata.130966.v1/t5";"NULL";"False"
"10.5445/ir/1000156367";"10.5517/ccdc.csd.cc29b8b8";"NULL";"False"
"10.5445/ir/1000117849";"10.5517/ccdc.csd.cc23htwb";"NULL";"False"
"10.5445/ir/1000129424";"10.17182/hepdata.95241.v1/t63";"NULL";"False"
"10.5445/ir/1000062855";"10.17182/hepdata.77061.v1/t117";"NULL";"False"
"10.5445/ir/1000096340";"10.5517/ccdc.csd.cc200wyw";"NULL";"False"
"10.5445/ir/1000096340";"10.5517/ccdc.csd.cc200x32";"NULL";"False"
"10.1039/d3dt03323f";"10.5517/ccdc.csd.cc2fxd0s";"NULL";"False"
"10.5445/ir/1000069358";"10.17182/hepdata.77101.v2/t13";"NULL";"False"
"10.5445/ir/1000065383";"10.17182/hepdata.77493.v1/t34";"NULL";"False"
"10.5445/ir/1000155404";"10.5517/ccdc.csd.cc2bql0p";"NULL";"False"
"10.5445/ir/1000174388";"10.5517/ccdc.csd.cc2k9sk7";"NULL";"False"
"10.5445/ir/1000096227";"10.6084/m9.figshare.7737218";"NULL";"False"
"10.5445/ir/1000096227";"10.6084/m9.figshare.7737701";"NULL";"False"
"10.5445/ir/1000096227";"10.6084/m9.figshare.7767992";"NULL";"False"
"10.5445/ir/1000096227";"10.6084/m9.figshare.7768133.v2";"NULL";"False"
"10.5445/ir/1000122219";"10.34804/supra.20210928361";"NULL";"False"
"10.5445/ir/1000140549";"10.1594/pangaea.939253";"NULL";"False"
"10.5445/ir/1000072960";"10.17182/hepdata.77601";"NULL";"False"
"10.1039/c3dt32869d";"10.5517/cczmcwt";"NULL";"False"
"10.1073/pnas.0805949105";"10.2210/pdb2vvh/pdb";"NULL";"False"
"10.5445/ir/1000133997";"10.5517/ccdc.csd.cc27p68f";"NULL";"False"
"10.5445/ir/1000162510";"10.17182/hepdata.115022.v1/t13";"NULL";"False"
"10.5445/ir/1000162510";"10.17182/hepdata.115022.v2/t27";"NULL";"False"
"10.5445/ir/1000162510";"10.17182/hepdata.115022.v2/t50";"NULL";"False"
"10.5445/ir/1000042095";"10.17182/hepdata.66279.v1/t47";"NULL";"False"
"10.5445/ir/1000126900";"10.5517/ccdc.csd.cc25126j";"NULL";"False"
"10.1039/c7dt01864a";"10.5517/ccdc.csd.cc1p1n4j";"NULL";"False"
"10.5445/ir/1000138917";"10.35097/535";"NULL";"False"
"10.5445/ir/1000162622";"10.35097/1684";"NULL";"False"
"10.5445/ir/1000168352";"10.5517/ccdc.csd.cc2hl1y3";"NULL";"False"
"10.5445/ir/1000164933";"10.13018/bmr34804";"NULL";"False"
"10.5445/ir/1000042135";"10.5061/dryad.56kf4";"NULL";"False"
"10.5445/ir/1000133588";"10.5517/ccdc.csd.cc23jyzl";"NULL";"False"
"10.5445/ir/1000155391";"10.5517/ccdc.csd.cc26854t";"NULL";"False"
"10.5445/ir/1000168243";"10.5517/ccdc.csd.cc2h634z";"NULL";"False"
"10.5445/ir/1000100423";"10.5517/ccdc.csd.cc22f4ym";"NULL";"False"
"10.5445/ir/1000072959";"10.6084/m9.figshare.c.3829141";"NULL";"False"
"10.5445/ir/1000168363";"10.5517/ccdc.csd.cc2h5p3h";"NULL";"False"
"10.5445/ir/1000076418";"10.6084/m9.figshare.c.3904489";"NULL";"False"
"10.1029/2019pa003722";3002928142;"NULL";"False"
"10.1021/bi900383a";"10.2210/pdb2vzx/pdb";"NULL";"False"
"10.1039/c3dt52893f";"10.5517/ccdc.csd.cc117twz";"NULL";"False"
"10.5445/ir/1000099318";"10.17182/hepdata.88284.v1/t6";"NULL";"False"
"10.5445/ir/1000076393";"10.17182/hepdata.79533.v1/t92";"NULL";"False"
"10.5445/ir/1000070254";"10.17182/hepdata.77606.v1/t33";"NULL";"False"
"10.5445/ir/1000123397";"10.5517/ccdc.csd.cc24d9c7";"NULL";"False"
