Dataset_PID;Literature_PID;DataCite_RelationType_of_Dataset_PID_record;links_in_scholix;url_to_scholix
10.25384/sage.c.5303302.v1;10.1177/8755293020981987;IsSupplementTo;1;/v3/Links?sourcePid=10.25384/sage.c.5303302.v1&targetPid=10.1177/8755293020981987&relation=IsSupplementTo
10.6084/m9.figshare.3504104;10.1080/00288306.2016.1182561;IsSupplementTo;1;/v3/Links?sourcePid=10.6084/m9.figshare.3504104&targetPid=10.1080/00288306.2016.1182561&relation=IsSupplementTo
10.5880/gfz.1.3.2020.006;10.1029/2020gc009307;IsSupplementTo;1;/v3/Links?sourcePid=10.5880/gfz.1.3.2020.006&targetPid=10.1029/2020gc009307&relation=IsSupplementTo
10.1594/pangaea.785492;10.1016/j.rse.2012.08.008;IsSupplementTo;1;/v3/Links?sourcePid=10.1594/pangaea.785492&targetPid=10.1016/j.rse.2012.08.008&relation=IsSupplementTo
10.1594/pangaea.761481;10.1038/nature10089;IsSupplementTo;1;/v3/Links?sourcePid=10.1594/pangaea.761481&targetPid=10.1038/nature10089&relation=IsSupplementTo
10.5880/gfz.1.3.2020.002;10.1029/2020gl089258;IsSupplementTo;1;/v3/Links?sourcePid=10.5880/gfz.1.3.2020.002&targetPid=10.1029/2020gl089258&relation=IsSupplementTo
10.5880/gfz.5.2.2012.002;10.5194/cp-9-1601-2013;IsSupplementTo;1;/v3/Links?sourcePid=10.5880/gfz.5.2.2012.002&targetPid=10.5194/cp-9-1601-2013&relation=IsSupplementTo
10.5880/gfz.4.3.2021.003;10.1093/gji/ggaa506;IsSupplementTo;1;/v3/Links?sourcePid=10.5880/gfz.4.3.2021.003&targetPid=10.1093/gji/ggaa506&relation=IsSupplementTo
10.5880/icdp.5069.001;10.48440/icdp.5069.002;IsDocumentedBy;0;/v3/Links?sourcePid=10.5880/icdp.5069.001&targetPid=10.48440/icdp.5069.002&relation=IsDocumentedBy
10.6084/m9.figshare.9830117;10.1186/s12864-019-6024-3;IsSupplementTo;1;/v3/Links?sourcePid=10.6084/m9.figshare.9830117&targetPid=10.1186/s12864-019-6024-3&relation=IsSupplementTo
10.1594/pangaea.888706;10.1088/1748-9326/aab5d3;IsSupplementTo;1;/v3/Links?sourcePid=10.1594/pangaea.888706&targetPid=10.1088/1748-9326/aab5d3&relation=IsSupplementTo
10.5880/gfz.4.4.2021.001;10.1029/2021wr030044;IsSupplementTo;1;/v3/Links?sourcePid=10.5880/gfz.4.4.2021.001&targetPid=10.1029/2021wr030044&relation=IsSupplementTo
10.5880/fidgeo.2022.029;10.5194/esurf-11-731-2023;IsSupplementTo;1;/v3/Links?sourcePid=10.5880/fidgeo.2022.029&targetPid=10.5194/esurf-11-731-2023&relation=IsSupplementTo
10.6084/m9.figshare.c.3622709_d8;10.1186/s13059-016-1119-5;IsSupplementTo;1;/v3/Links?sourcePid=10.6084/m9.figshare.c.3622709_d8&targetPid=10.1186/s13059-016-1119-5&relation=IsSupplementTo
10.6084/m9.figshare.12998993;10.1038/s41597-020-00678-w;IsSupplementTo;1;/v3/Links?sourcePid=10.6084/m9.figshare.12998993&targetPid=10.1038/s41597-020-00678-w&relation=IsSupplementTo
10.5880/gfz.4.1.2016.002;10.1016/j.tecto.2016.01.017;IsSupplementTo;1;/v3/Links?sourcePid=10.5880/gfz.4.1.2016.002&targetPid=10.1016/j.tecto.2016.01.017&relation=IsSupplementTo
10.5880/fidgeo.2022.036;10.3390/geosciences13010002;IsSupplementTo;1;/v3/Links?sourcePid=10.5880/fidgeo.2022.036&targetPid=10.3390/geosciences13010002&relation=IsSupplementTo
10.6084/m9.figshare.12991853.v1;10.1186/s40517-020-00178-5;IsSupplementTo;1;/v3/Links?sourcePid=10.6084/m9.figshare.12991853.v1&targetPid=10.1186/s40517-020-00178-5&relation=IsSupplementTo
10.5880/tereno.trsi.2023.002;10.5194/deuquasp-4-41-2022;IsSupplementTo;1;/v3/Links?sourcePid=10.5880/tereno.trsi.2023.002&targetPid=10.5194/deuquasp-4-41-2022&relation=IsSupplementTo
10.5061/dryad.41pm8qf;10.1098/rspb.2018.0621;IsCitedBy;0;/v3/Links?sourcePid=10.5061/dryad.41pm8qf&targetPid=10.1098/rspb.2018.0621&relation=IsCitedBy
10.5880/gfz.2.3.2018.005;10.1029/2018ja025968;IsSupplementTo;1;/v3/Links?sourcePid=10.5880/gfz.2.3.2018.005&targetPid=10.1029/2018ja025968&relation=IsSupplementTo
10.6084/m9.figshare.14433314;10.1186/s12964-020-00662-2;IsSupplementTo;1;/v3/Links?sourcePid=10.6084/m9.figshare.14433314&targetPid=10.1186/s12964-020-00662-2&relation=IsSupplementTo
10.5880/gfz.4.5.2020.004;10.1016/j.tecto.2016.11.013;IsSupplementTo;1;/v3/Links?sourcePid=10.5880/gfz.4.5.2020.004&targetPid=10.1016/j.tecto.2016.11.013&relation=IsSupplementTo
10.5880/gfz.3.1.2023.003;10.1016/j.chemgeo.2023.121811;IsSupplementTo;1;/v3/Links?sourcePid=10.5880/gfz.3.1.2023.003&targetPid=10.1016/j.chemgeo.2023.121811&relation=IsSupplementTo
10.1594/pangaea.922017;10.1029/2020gc008946;IsSupplementTo;1;/v3/Links?sourcePid=10.1594/pangaea.922017&targetPid=10.1029/2020gc008946&relation=IsSupplementTo
10.5880/fidgeo.2022.015;10.1029/2021tc007099;IsSupplementTo;1;/v3/Links?sourcePid=10.5880/fidgeo.2022.015&targetPid=10.1029/2021tc007099&relation=IsSupplementTo
10.6084/m9.figshare.6031289.v1;10.1186/s12866-018-1170-3;IsSupplementTo;1;/v3/Links?sourcePid=10.6084/m9.figshare.6031289.v1&targetPid=10.1186/s12866-018-1170-3&relation=IsSupplementTo
10.6084/m9.figshare.c.5058277.v1;10.1186/s13068-020-01765-1;IsSupplementTo;1;/v3/Links?sourcePid=10.6084/m9.figshare.c.5058277.v1&targetPid=10.1186/s13068-020-01765-1&relation=IsSupplementTo
10.6084/m9.figshare.c.4185845;10.1186/s12974-018-1242-1;IsSupplementTo;1;/v3/Links?sourcePid=10.6084/m9.figshare.c.4185845&targetPid=10.1186/s12974-018-1242-1&relation=IsSupplementTo
10.6084/m9.figshare.c.4249019.v1;10.1186/s40168-018-0542-0;IsSupplementTo;1;/v3/Links?sourcePid=10.6084/m9.figshare.c.4249019.v1&targetPid=10.1186/s40168-018-0542-0&relation=IsSupplementTo
10.5517/ccdc.csd.cc24lc15;10.1124/dmd.120.091140;IsSupplementTo;1;/v3/Links?sourcePid=10.5517/ccdc.csd.cc24lc15&targetPid=10.1124/dmd.120.091140&relation=IsSupplementTo
10.5517/ccdc.csd.cc1q5pl5;10.1021/acs.joc.7b02871;IsSupplementTo;1;/v3/Links?sourcePid=10.5517/ccdc.csd.cc1q5pl5&targetPid=10.1021/acs.joc.7b02871&relation=IsSupplementTo
10.6084/m9.figshare.c.4224167.v1;10.1186/s12866-018-1255-z;IsSupplementTo;1;/v3/Links?sourcePid=10.6084/m9.figshare.c.4224167.v1&targetPid=10.1186/s12866-018-1255-z&relation=IsSupplementTo
10.6084/m9.figshare.7109627.v1;10.1186/s12951-018-0401-y;IsSupplementTo;1;/v3/Links?sourcePid=10.6084/m9.figshare.7109627.v1&targetPid=10.1186/s12951-018-0401-y&relation=IsSupplementTo
10.6084/m9.figshare.14921230.v1;10.1186/s13059-021-02413-z;IsSupplementTo;1;/v3/Links?sourcePid=10.6084/m9.figshare.14921230.v1&targetPid=10.1186/s13059-021-02413-z&relation=IsSupplementTo
10.6084/m9.figshare.11925051.v1;10.1186/s40793-020-00354-x;IsSupplementTo;1;/v3/Links?sourcePid=10.6084/m9.figshare.11925051.v1&targetPid=10.1186/s40793-020-00354-x&relation=IsSupplementTo
10.6084/m9.figshare.c.5492340.v1;10.1186/s13643-021-01732-3;IsSupplementTo;1;/v3/Links?sourcePid=10.6084/m9.figshare.c.5492340.v1&targetPid=10.1186/s13643-021-01732-3&relation=IsSupplementTo
10.6084/m9.figshare.12477089.v1;10.1186/s12864-020-06806-5;IsSupplementTo;1;/v3/Links?sourcePid=10.6084/m9.figshare.12477089.v1&targetPid=10.1186/s12864-020-06806-5&relation=IsSupplementTo
10.6084/m9.figshare.12477101.v1;10.1186/s12864-020-06806-5;IsSupplementTo;1;/v3/Links?sourcePid=10.6084/m9.figshare.12477101.v1&targetPid=10.1186/s12864-020-06806-5&relation=IsSupplementTo
10.6084/m9.figshare.c.5178230.v1;10.1186/s12933-020-01117-1;IsSupplementTo;1;/v3/Links?sourcePid=10.6084/m9.figshare.c.5178230.v1&targetPid=10.1186/s12933-020-01117-1&relation=IsSupplementTo
10.23719/1520143;10.1061/(asce)he.1943-5584.0002097;IsSupplementTo;1;/v3/Links?sourcePid=10.23719/1520143&targetPid=10.1061/(asce)he.1943-5584.0002097&relation=IsSupplementTo
10.6084/m9.figshare.13352183;10.1186/s13059-020-02199-6;IsSupplementTo;1;/v3/Links?sourcePid=10.6084/m9.figshare.13352183&targetPid=10.1186/s13059-020-02199-6&relation=IsSupplementTo
10.6084/m9.figshare.13352189.v1;10.1186/s13059-020-02199-6;IsSupplementTo;1;/v3/Links?sourcePid=10.6084/m9.figshare.13352189.v1&targetPid=10.1186/s13059-020-02199-6&relation=IsSupplementTo
10.6084/m9.figshare.c.5230681.v1;10.1098/rspb.2020.2653;IsSupplementTo;1;/v3/Links?sourcePid=10.6084/m9.figshare.c.5230681.v1&targetPid=10.1098/rspb.2020.2653&relation=IsSupplementTo
10.6084/m9.figshare.25101977.v1;10.1038/s41559-024-02555-w;IsSupplementTo;1;/v3/Links?sourcePid=10.6084/m9.figshare.25101977.v1&targetPid=10.1038/s41559-024-02555-w&relation=IsSupplementTo
10.5061/dryad.j1h2v;10.1038/s41598-018-22178-z;IsCitedBy;0;/v3/Links?sourcePid=10.5061/dryad.j1h2v&targetPid=10.1038/s41598-018-22178-z&relation=IsCitedBy
10.48758/ufz.12451;10.1021/acs.est.1c04310;IsSupplementTo;1;/v3/Links?sourcePid=10.48758/ufz.12451&targetPid=10.1021/acs.est.1c04310&relation=IsSupplementTo
10.6084/m9.figshare.13572055.v1;10.1186/s13073-020-00823-5;IsSupplementTo;1;/v3/Links?sourcePid=10.6084/m9.figshare.13572055.v1&targetPid=10.1186/s13073-020-00823-5&relation=IsSupplementTo
10.6084/m9.figshare.3566544;10.1890/07-1292.1;IsSupplementTo;1;/v3/Links?sourcePid=10.6084/m9.figshare.3566544&targetPid=10.1890/07-1292.1&relation=IsSupplementTo
10.6084/m9.figshare.3566550.v1;10.1890/07-1292.1;IsSupplementTo;1;/v3/Links?sourcePid=10.6084/m9.figshare.3566550.v1&targetPid=10.1890/07-1292.1&relation=IsSupplementTo
10.6084/m9.figshare.7992080;10.1186/s40168-019-0674-x;IsSupplementTo;1;/v3/Links?sourcePid=10.6084/m9.figshare.7992080&targetPid=10.1186/s40168-019-0674-x&relation=IsSupplementTo
10.6084/m9.figshare.12774865.v1;10.1186/s12898-020-00310-w;IsSupplementTo;1;/v3/Links?sourcePid=10.6084/m9.figshare.12774865.v1&targetPid=10.1186/s12898-020-00310-w&relation=IsSupplementTo
10.6084/m9.figshare.c.6032178;10.1186/s12920-022-01281-1;IsSupplementTo;1;/v3/Links?sourcePid=10.6084/m9.figshare.c.6032178&targetPid=10.1186/s12920-022-01281-1&relation=IsSupplementTo
10.6084/m9.figshare.3566079.v1;10.1890/06-1870.1;IsSupplementTo;1;/v3/Links?sourcePid=10.6084/m9.figshare.3566079.v1&targetPid=10.1890/06-1870.1&relation=IsSupplementTo
10.6084/m9.figshare.c.4285136.v1;10.1186/s12889-018-6110-5;IsSupplementTo;1;/v3/Links?sourcePid=10.6084/m9.figshare.c.4285136.v1&targetPid=10.1186/s12889-018-6110-5&relation=IsSupplementTo
10.6084/m9.figshare.3563325.v1;10.1890/14-2125.1;IsSupplementTo;1;/v3/Links?sourcePid=10.6084/m9.figshare.3563325.v1&targetPid=10.1890/14-2125.1&relation=IsSupplementTo
10.6084/m9.figshare.c.3633569_d4.v1;10.1186/s13072-015-0035-3;IsSupplementTo;1;/v3/Links?sourcePid=10.6084/m9.figshare.c.3633569_d4.v1&targetPid=10.1186/s13072-015-0035-3&relation=IsSupplementTo
10.6084/m9.figshare.c.3612413_d7;10.1186/s12915-016-0286-x;IsSupplementTo;1;/v3/Links?sourcePid=10.6084/m9.figshare.c.3612413_d7&targetPid=10.1186/s12915-016-0286-x&relation=IsSupplementTo
10.6084/m9.figshare.c.4837959.v1;10.1186/s12864-020-6516-1;IsSupplementTo;1;/v3/Links?sourcePid=10.6084/m9.figshare.c.4837959.v1&targetPid=10.1186/s12864-020-6516-1&relation=IsSupplementTo
10.6084/m9.figshare.c.5359607.v1;10.1186/s13059-021-02306-1;IsSupplementTo;1;/v3/Links?sourcePid=10.6084/m9.figshare.c.5359607.v1&targetPid=10.1186/s13059-021-02306-1&relation=IsSupplementTo
10.6084/m9.figshare.c.3600446_d3.v1;10.1186/s13014-016-0672-0;IsSupplementTo;1;/v3/Links?sourcePid=10.6084/m9.figshare.c.3600446_d3.v1&targetPid=10.1186/s13014-016-0672-0&relation=IsSupplementTo
10.6084/m9.figshare.c.5425704.v1;10.1186/s12860-021-00363-9;IsSupplementTo;1;/v3/Links?sourcePid=10.6084/m9.figshare.c.5425704.v1&targetPid=10.1186/s12860-021-00363-9&relation=IsSupplementTo
10.6084/m9.figshare.c.4968980;10.1186/s13014-020-01541-3;IsSupplementTo;1;/v3/Links?sourcePid=10.6084/m9.figshare.c.4968980&targetPid=10.1186/s13014-020-01541-3&relation=IsSupplementTo
10.5281/zenodo.10037291;10.5194/acp-15-633-2015;IsSupplementTo;1;/v3/Links?sourcePid=10.5281/zenodo.10037291&targetPid=10.5194/acp-15-633-2015&relation=IsSupplementTo
10.6084/m9.figshare.19498200.v1;10.1186/s13059-022-02660-8;IsSupplementTo;1;/v3/Links?sourcePid=10.6084/m9.figshare.19498200.v1&targetPid=10.1186/s13059-022-02660-8&relation=IsSupplementTo
10.4121/344e24ad-b2f5-4ed9-8d49-6efa2081d30c.v1;10.1038/s43247-024-01423-6;IsSupplementTo;1;/v3/Links?sourcePid=10.4121/344e24ad-b2f5-4ed9-8d49-6efa2081d30c.v1&targetPid=10.1038/s43247-024-01423-6&relation=IsSupplementTo
10.12754/data-2024-0002;10.1073/pnas.2312008121;IsSupplementTo;0;/v3/Links?sourcePid=10.12754/data-2024-0002&targetPid=10.1073/pnas.2312008121&relation=IsSupplementTo
10.17632/j2k6tkfxk9.1;10.1016/j.tws.2019.106195;IsSupplementTo;1;/v3/Links?sourcePid=10.17632/j2k6tkfxk9.1&targetPid=10.1016/j.tws.2019.106195&relation=IsSupplementTo
10.26093/cds/vizier.36350122;10.1051/0004-6361/201732393;IsSupplementTo;1;/v3/Links?sourcePid=10.26093/cds/vizier.36350122&targetPid=10.1051/0004-6361/201732393&relation=IsSupplementTo
10.6084/m9.figshare.9776579;10.1186/s12859-019-3031-y;IsSupplementTo;1;/v3/Links?sourcePid=10.6084/m9.figshare.9776579&targetPid=10.1186/s12859-019-3031-y&relation=IsSupplementTo
10.1594/pangaea.867875;10.5194/tc-10-1991-2016;IsSupplementTo;1;/v3/Links?sourcePid=10.1594/pangaea.867875&targetPid=10.5194/tc-10-1991-2016&relation=IsSupplementTo
10.25384/sage.c.6343765;10.1177/20530196221132709;IsSupplementTo;1;/v3/Links?sourcePid=10.25384/sage.c.6343765&targetPid=10.1177/20530196221132709&relation=IsSupplementTo
10.26093/cds/vizier.36500064;10.1051/0004-6361/202039406;IsSupplementTo;1;/v3/Links?sourcePid=10.26093/cds/vizier.36500064&targetPid=10.1051/0004-6361/202039406&relation=IsSupplementTo
10.25384/sage.c.5073157;10.1177/0021998320932301;IsSupplementTo;1;/v3/Links?sourcePid=10.25384/sage.c.5073157&targetPid=10.1177/0021998320932301&relation=IsSupplementTo
10.5281/zenodo.3239271;10.3390/data4030105;IsSupplementTo;1;/v3/Links?sourcePid=10.5281/zenodo.3239271&targetPid=10.3390/data4030105&relation=IsSupplementTo
10.6084/m9.figshare.21162646;10.1186/s12885-022-10075-8;IsSupplementTo;1;/v3/Links?sourcePid=10.6084/m9.figshare.21162646&targetPid=10.1186/s12885-022-10075-8&relation=IsSupplementTo
10.6084/m9.figshare.c.3698293;10.1186/s12943-015-0476-0;IsSupplementTo;1;/v3/Links?sourcePid=10.6084/m9.figshare.c.3698293&targetPid=10.1186/s12943-015-0476-0&relation=IsSupplementTo
10.6084/m9.figshare.c.3597224_d2.v1;10.1186/s12864-016-3206-0;IsSupplementTo;1;/v3/Links?sourcePid=10.6084/m9.figshare.c.3597224_d2.v1&targetPid=10.1186/s12864-016-3206-0&relation=IsSupplementTo
10.6084/m9.figshare.12326168.v1;10.1159/000507114;IsSupplementTo;1;/v3/Links?sourcePid=10.6084/m9.figshare.12326168.v1&targetPid=10.1159/000507114&relation=IsSupplementTo
10.6084/m9.figshare.11479743;10.1186/s12859-019-3323-2;IsSupplementTo;1;/v3/Links?sourcePid=10.6084/m9.figshare.11479743&targetPid=10.1186/s12859-019-3323-2&relation=IsSupplementTo
10.6084/m9.figshare.7842893.v1;10.1186/s13287-019-1194-0;IsSupplementTo;1;/v3/Links?sourcePid=10.6084/m9.figshare.7842893.v1&targetPid=10.1186/s13287-019-1194-0&relation=IsSupplementTo
10.6084/m9.figshare.c.3799303;10.1186/s13014-017-0832-x;IsSupplementTo;1;/v3/Links?sourcePid=10.6084/m9.figshare.c.3799303&targetPid=10.1186/s13014-017-0832-x&relation=IsSupplementTo
10.6084/m9.figshare.c.5408294.v1;10.1186/s12916-021-01970-1;IsSupplementTo;1;/v3/Links?sourcePid=10.6084/m9.figshare.c.5408294.v1&targetPid=10.1186/s12916-021-01970-1&relation=IsSupplementTo
10.6084/m9.figshare.c.3616652;10.1186/s12896-016-0250-4;IsSupplementTo;1;/v3/Links?sourcePid=10.6084/m9.figshare.c.3616652&targetPid=10.1186/s12896-016-0250-4&relation=IsSupplementTo
10.1594/pangaea.939662;10.3390/rs14153771;IsSupplementTo;1;/v3/Links?sourcePid=10.1594/pangaea.939662&targetPid=10.3390/rs14153771&relation=IsSupplementTo
10.6084/m9.figshare.11329478.v1;10.1186/s40478-019-0851-y;IsSupplementTo;1;/v3/Links?sourcePid=10.6084/m9.figshare.11329478.v1&targetPid=10.1186/s40478-019-0851-y&relation=IsSupplementTo
10.6084/m9.figshare.c.4772348;10.1186/s40478-019-0851-y;IsSupplementTo;1;/v3/Links?sourcePid=10.6084/m9.figshare.c.4772348&targetPid=10.1186/s40478-019-0851-y&relation=IsSupplementTo
10.6084/m9.figshare.5128606;10.1159/000439048;IsSupplementTo;1;/v3/Links?sourcePid=10.6084/m9.figshare.5128606&targetPid=10.1159/000439048&relation=IsSupplementTo
10.6084/m9.figshare.c.5210814.v1;10.1186/s13569-020-00144-6;IsSupplementTo;1;/v3/Links?sourcePid=10.6084/m9.figshare.c.5210814.v1&targetPid=10.1186/s13569-020-00144-6&relation=IsSupplementTo
10.6084/m9.figshare.7802828;10.1186/s13569-019-0112-7;IsSupplementTo;1;/v3/Links?sourcePid=10.6084/m9.figshare.7802828&targetPid=10.1186/s13569-019-0112-7&relation=IsSupplementTo
10.6084/m9.figshare.7687295.v1;10.1159/000495806;IsSupplementTo;1;/v3/Links?sourcePid=10.6084/m9.figshare.7687295.v1&targetPid=10.1159/000495806&relation=IsSupplementTo
10.6084/m9.figshare.13018182;10.1186/s12915-020-00863-8;IsSupplementTo;1;/v3/Links?sourcePid=10.6084/m9.figshare.13018182&targetPid=10.1186/s12915-020-00863-8&relation=IsSupplementTo
10.6084/m9.figshare.19359502;10.1186/s13073-022-01030-0;IsSupplementTo;1;/v3/Links?sourcePid=10.6084/m9.figshare.19359502&targetPid=10.1186/s13073-022-01030-0&relation=IsSupplementTo
10.6084/m9.figshare.c.3610370_d8;10.1186/s12915-016-0278-x;IsSupplementTo;1;/v3/Links?sourcePid=10.6084/m9.figshare.c.3610370_d8&targetPid=10.1186/s12915-016-0278-x&relation=IsSupplementTo
10.6084/m9.figshare.c.4717028.v1;10.1186/s40478-019-0801-8;IsSupplementTo;1;/v3/Links?sourcePid=10.6084/m9.figshare.c.4717028.v1&targetPid=10.1186/s40478-019-0801-8&relation=IsSupplementTo
10.6084/m9.figshare.c.6588697.v1;10.1186/s12859-022-05124-9;IsSupplementTo;1;/v3/Links?sourcePid=10.6084/m9.figshare.c.6588697.v1&targetPid=10.1186/s12859-022-05124-9&relation=IsSupplementTo
10.1594/pangaea.817041;10.5194/cp-9-2507-2013;IsSupplementTo;1;/v3/Links?sourcePid=10.1594/pangaea.817041&targetPid=10.5194/cp-9-2507-2013&relation=IsSupplementTo
10.6084/m9.figshare.c.3619631_d1.v1;10.1186/s12967-016-0907-8;IsSupplementTo;1;/v3/Links?sourcePid=10.6084/m9.figshare.c.3619631_d1.v1&targetPid=10.1186/s12967-016-0907-8&relation=IsSupplementTo
10.6084/m9.figshare.c.3619631_d2.v1;10.1186/s12967-016-0907-8;IsSupplementTo;1;/v3/Links?sourcePid=10.6084/m9.figshare.c.3619631_d2.v1&targetPid=10.1186/s12967-016-0907-8&relation=IsSupplementTo
10.6084/m9.figshare.5937826.v1;10.1186/s40478-018-0521-5;IsSupplementTo;1;/v3/Links?sourcePid=10.6084/m9.figshare.5937826.v1&targetPid=10.1186/s40478-018-0521-5&relation=IsSupplementTo
10.6084/m9.figshare.7705799;10.1186/s13059-019-1644-0;IsSupplementTo;1;/v3/Links?sourcePid=10.6084/m9.figshare.7705799&targetPid=10.1186/s13059-019-1644-0&relation=IsSupplementTo
10.25384/sage.13095893.v1;10.1177/2040620720933761;IsSupplementTo;1;/v3/Links?sourcePid=10.25384/sage.13095893.v1&targetPid=10.1177/2040620720933761&relation=IsSupplementTo
10.6084/m9.figshare.23255524.v1;10.1186/s12943-023-01792-0;IsSupplementTo;1;/v3/Links?sourcePid=10.6084/m9.figshare.23255524.v1&targetPid=10.1186/s12943-023-01792-0&relation=IsSupplementTo
10.6084/m9.figshare.23255572.v1;10.1186/s12943-023-01792-0;IsSupplementTo;1;/v3/Links?sourcePid=10.6084/m9.figshare.23255572.v1&targetPid=10.1186/s12943-023-01792-0&relation=IsSupplementTo
10.6084/m9.figshare.c.5580676.v1;10.1186/s12915-021-01101-5;IsSupplementTo;1;/v3/Links?sourcePid=10.6084/m9.figshare.c.5580676.v1&targetPid=10.1186/s12915-021-01101-5&relation=IsSupplementTo
10.6084/m9.figshare.c.3628991_d1.v1;10.1186/s12920-015-0161-6;IsSupplementTo;1;/v3/Links?sourcePid=10.6084/m9.figshare.c.3628991_d1.v1&targetPid=10.1186/s12920-015-0161-6&relation=IsSupplementTo
10.6084/m9.figshare.22815197;10.1186/s13014-023-02275-8;IsSupplementTo;1;/v3/Links?sourcePid=10.6084/m9.figshare.22815197&targetPid=10.1186/s13014-023-02275-8&relation=IsSupplementTo
10.6084/m9.figshare.c.3607397.v1;10.1186/s13059-016-0915-2;IsSupplementTo;1;/v3/Links?sourcePid=10.6084/m9.figshare.c.3607397.v1&targetPid=10.1186/s13059-016-0915-2&relation=IsSupplementTo
10.17863/cam.12536;10.1038/s41598-018-20122-9;IsSupplementTo;1;/v3/Links?sourcePid=10.17863/cam.12536&targetPid=10.1038/s41598-018-20122-9&relation=IsSupplementTo
10.6084/m9.figshare.c.5195205;10.1186/s13014-020-01693-2;IsSupplementTo;1;/v3/Links?sourcePid=10.6084/m9.figshare.c.5195205&targetPid=10.1186/s13014-020-01693-2&relation=IsSupplementTo
10.1594/pangaea.927947;10.1080/01490451.2019.1694107;IsSupplementTo;1;/v3/Links?sourcePid=10.1594/pangaea.927947&targetPid=10.1080/01490451.2019.1694107&relation=IsSupplementTo
10.6084/m9.figshare.4933325.v1;10.1098/rspb.2017.0509;IsSupplementTo;1;/v3/Links?sourcePid=10.6084/m9.figshare.4933325.v1&targetPid=10.1098/rspb.2017.0509&relation=IsSupplementTo
10.1594/pangaea.945724;10.1029/2022gc010550;IsSupplementTo;1;/v3/Links?sourcePid=10.1594/pangaea.945724&targetPid=10.1029/2022gc010550&relation=IsSupplementTo
10.1594/pangaea.911939;10.1002/lno.11605;IsSupplementTo;1;/v3/Links?sourcePid=10.1594/pangaea.911939&targetPid=10.1002/lno.11605&relation=IsSupplementTo
10.6084/m9.figshare.3563604.v1;10.1890/14-2491.1;IsSupplementTo;1;/v3/Links?sourcePid=10.6084/m9.figshare.3563604.v1&targetPid=10.1890/14-2491.1&relation=IsSupplementTo
10.1594/pangaea.900991;10.1038/ngeo2469;IsSupplementTo;1;/v3/Links?sourcePid=10.1594/pangaea.900991&targetPid=10.1038/ngeo2469&relation=IsSupplementTo
10.1594/pangaea.831770;10.5194/bg-10-4591-2013;IsSupplementTo;1;/v3/Links?sourcePid=10.1594/pangaea.831770&targetPid=10.5194/bg-10-4591-2013&relation=IsSupplementTo
10.1594/pangaea.843814;10.1016/j.dci.2015.09.008;IsSupplementTo;1;/v3/Links?sourcePid=10.1594/pangaea.843814&targetPid=10.1016/j.dci.2015.09.008&relation=IsSupplementTo
10.6084/m9.figshare.13711730.v1;10.1080/14693062.2021.1878009;IsSupplementTo;1;/v3/Links?sourcePid=10.6084/m9.figshare.13711730.v1&targetPid=10.1080/14693062.2021.1878009&relation=IsSupplementTo
10.5061/dryad.v49vd;10.1111/gcb.13955;IsCitedBy;0;/v3/Links?sourcePid=10.5061/dryad.v49vd&targetPid=10.1111/gcb.13955&relation=IsCitedBy
10.1594/pangaea.711838;10.1007/s00531-005-0504-1;IsSupplementTo;1;/v3/Links?sourcePid=10.1594/pangaea.711838&targetPid=10.1007/s00531-005-0504-1&relation=IsSupplementTo
10.1594/pangaea.928568;10.3390/atmos12020174;IsSupplementTo;1;/v3/Links?sourcePid=10.1594/pangaea.928568&targetPid=10.3390/atmos12020174&relation=IsSupplementTo
10.1594/pangaea.929270;10.3354/meps13390;IsSupplementTo;1;/v3/Links?sourcePid=10.1594/pangaea.929270&targetPid=10.3354/meps13390&relation=IsSupplementTo
10.6084/m9.figshare.6007160;10.1038/sdata.2018.154;IsSupplementTo;1;/v3/Links?sourcePid=10.6084/m9.figshare.6007160&targetPid=10.1038/sdata.2018.154&relation=IsSupplementTo
10.1594/pangaea.844555;10.1152/ajpregu.00107.2011;IsSupplementTo;1;/v3/Links?sourcePid=10.1594/pangaea.844555&targetPid=10.1152/ajpregu.00107.2011&relation=IsSupplementTo
10.1594/pangaea.914882;10.1016/j.epsl.2020.116390;IsSupplementTo;1;/v3/Links?sourcePid=10.1594/pangaea.914882&targetPid=10.1016/j.epsl.2020.116390&relation=IsSupplementTo
10.1594/pangaea.787111;10.1029/2008pa001685;IsSupplementTo;1;/v3/Links?sourcePid=10.1594/pangaea.787111&targetPid=10.1029/2008pa001685&relation=IsSupplementTo
10.1594/pangaea.846137;10.1126/sciadv.1500531;IsSupplementTo;1;/v3/Links?sourcePid=10.1594/pangaea.846137&targetPid=10.1126/sciadv.1500531&relation=IsSupplementTo
10.17632/s97kpycx63.1;10.1016/j.gr.2020.06.012;IsSupplementTo;1;/v3/Links?sourcePid=10.17632/s97kpycx63.1&targetPid=10.1016/j.gr.2020.06.012&relation=IsSupplementTo
10.5061/dryad.83765sm;10.1111/eva.12760;IsCitedBy;0;/v3/Links?sourcePid=10.5061/dryad.83765sm&targetPid=10.1111/eva.12760&relation=IsCitedBy
10.1594/pangaea.910769;10.1016/j.margeo.2020.106291;IsSupplementTo;1;/v3/Links?sourcePid=10.1594/pangaea.910769&targetPid=10.1016/j.margeo.2020.106291&relation=IsSupplementTo
10.6084/m9.figshare.c.6373186;10.1098/rspb.2022.2262;IsSupplementTo;1;/v3/Links?sourcePid=10.6084/m9.figshare.c.6373186&targetPid=10.1098/rspb.2022.2262&relation=IsSupplementTo
10.6084/m9.figshare.c.5914929.v1;10.1186/s12883-022-02642-0;IsSupplementTo;1;/v3/Links?sourcePid=10.6084/m9.figshare.c.5914929.v1&targetPid=10.1186/s12883-022-02642-0&relation=IsSupplementTo
10.6084/m9.figshare.20267368.v1;10.1186/s40478-022-01387-8;IsSupplementTo;1;/v3/Links?sourcePid=10.6084/m9.figshare.20267368.v1&targetPid=10.1186/s40478-022-01387-8&relation=IsSupplementTo
10.6084/m9.figshare.c.3625001.v1;10.1186/s12974-015-0393-6;IsSupplementTo;1;/v3/Links?sourcePid=10.6084/m9.figshare.c.3625001.v1&targetPid=10.1186/s12974-015-0393-6&relation=IsSupplementTo
10.6084/m9.figshare.c.3624854;10.1186/s11556-016-0168-9;IsSupplementTo;1;/v3/Links?sourcePid=10.6084/m9.figshare.c.3624854&targetPid=10.1186/s11556-016-0168-9&relation=IsSupplementTo
10.6084/m9.figshare.24179445.v1;10.1038/s41467-023-42372-6;IsSupplementTo;1;/v3/Links?sourcePid=10.6084/m9.figshare.24179445.v1&targetPid=10.1038/s41467-023-42372-6&relation=IsSupplementTo
10.6084/m9.figshare.14091298.v1;10.1186/s13024-021-00422-x;IsSupplementTo;1;/v3/Links?sourcePid=10.6084/m9.figshare.14091298.v1&targetPid=10.1186/s13024-021-00422-x&relation=IsSupplementTo
10.1594/pangaea.779878;10.1130/g24979a.1;IsSupplementTo;1;/v3/Links?sourcePid=10.1594/pangaea.779878&targetPid=10.1130/g24979a.1&relation=IsSupplementTo
10.6084/m9.figshare.6339893;10.1038/sdata.2018.241;IsSupplementTo;1;/v3/Links?sourcePid=10.6084/m9.figshare.6339893&targetPid=10.1038/sdata.2018.241&relation=IsSupplementTo
10.6084/m9.figshare.24223810;10.1186/s13024-023-00657-w;IsSupplementTo;1;/v3/Links?sourcePid=10.6084/m9.figshare.24223810&targetPid=10.1186/s13024-023-00657-w&relation=IsSupplementTo
10.6084/m9.figshare.c.3598868;10.1186/s40478-016-0310-y;IsSupplementTo;1;/v3/Links?sourcePid=10.6084/m9.figshare.c.3598868&targetPid=10.1186/s40478-016-0310-y&relation=IsSupplementTo
10.17182/hepdata.43865.v1/t52;10.1007/s100520000344;IsSupplementTo;1;/v3/Links?sourcePid=10.17182/hepdata.43865.v1/t52&targetPid=10.1007/s100520000344&relation=IsSupplementTo
10.17182/hepdata.58021.v1/t31;10.1016/j.physletb.2011.12.056;IsSupplementTo;1;/v3/Links?sourcePid=10.17182/hepdata.58021.v1/t31&targetPid=10.1016/j.physletb.2011.12.056&relation=IsSupplementTo
10.17182/hepdata.58021.v1/t56;10.1016/j.physletb.2011.12.056;IsSupplementTo;1;/v3/Links?sourcePid=10.17182/hepdata.58021.v1/t56&targetPid=10.1016/j.physletb.2011.12.056&relation=IsSupplementTo
10.17182/hepdata.58021.v1/t59;10.1016/j.physletb.2011.12.056;IsSupplementTo;1;/v3/Links?sourcePid=10.17182/hepdata.58021.v1/t59&targetPid=10.1016/j.physletb.2011.12.056&relation=IsSupplementTo
10.17182/hepdata.49820.v1/t5;10.1016/s0370-2693(02)01340-0;IsSupplementTo;1;/v3/Links?sourcePid=10.17182/hepdata.49820.v1/t5&targetPid=10.1016/s0370-2693(02)01340-0&relation=IsSupplementTo
10.17182/hepdata.64205.v1/t5;10.1007/jhep08(2014)023;IsSupplementTo;1;/v3/Links?sourcePid=10.17182/hepdata.64205.v1/t5&targetPid=10.1007/jhep08(2014)023&relation=IsSupplementTo
10.17182/hepdata.44710.v1/t31;10.1016/s0550-3213(96)00675-x;IsSupplementTo;1;/v3/Links?sourcePid=10.17182/hepdata.44710.v1/t31&targetPid=10.1016/s0550-3213(96)00675-x&relation=IsSupplementTo
10.17182/hepdata.89225.v1/t28;10.1140/epjc/s10052-019-7371-6;IsSupplementTo;1;/v3/Links?sourcePid=10.17182/hepdata.89225.v1/t28&targetPid=10.1140/epjc/s10052-019-7371-6&relation=IsSupplementTo
10.17182/hepdata.89225.v1/t42;10.1140/epjc/s10052-019-7371-6;IsSupplementTo;1;/v3/Links?sourcePid=10.17182/hepdata.89225.v1/t42&targetPid=10.1140/epjc/s10052-019-7371-6&relation=IsSupplementTo
10.17182/hepdata.45630.v1;10.1016/j.nuclphysb.2007.03.045;IsSupplementTo;1;/v3/Links?sourcePid=10.17182/hepdata.45630.v1&targetPid=10.1016/j.nuclphysb.2007.03.045&relation=IsSupplementTo
10.17182/hepdata.59366.v1/t64;10.1140/epjc/s10052-012-2164-1;IsSupplementTo;1;/v3/Links?sourcePid=10.17182/hepdata.59366.v1/t64&targetPid=10.1140/epjc/s10052-012-2164-1&relation=IsSupplementTo
10.17182/hepdata.44587.v1/t22;10.1016/s0550-3213(97)00585-3;IsSupplementTo;1;/v3/Links?sourcePid=10.17182/hepdata.44587.v1/t22&targetPid=10.1016/s0550-3213(97)00585-3&relation=IsSupplementTo
10.17182/hepdata.11377.v1/t2;10.1140/epjc/s2006-02493-x;IsSupplementTo;1;/v3/Links?sourcePid=10.17182/hepdata.11377.v1/t2&targetPid=10.1140/epjc/s2006-02493-x&relation=IsSupplementTo
10.17182/hepdata.11377.v1/t41;10.1140/epjc/s2006-02493-x;IsSupplementTo;1;/v3/Links?sourcePid=10.17182/hepdata.11377.v1/t41&targetPid=10.1140/epjc/s2006-02493-x&relation=IsSupplementTo
10.17182/hepdata.11377.v1/t44;10.1140/epjc/s2006-02493-x;IsSupplementTo;1;/v3/Links?sourcePid=10.17182/hepdata.11377.v1/t44&targetPid=10.1140/epjc/s2006-02493-x&relation=IsSupplementTo
10.17182/hepdata.11377.v1/t7;10.1140/epjc/s2006-02493-x;IsSupplementTo;1;/v3/Links?sourcePid=10.17182/hepdata.11377.v1/t7&targetPid=10.1140/epjc/s2006-02493-x&relation=IsSupplementTo
10.17182/hepdata.30892.v1/t13;10.1016/0370-2693(82)90117-4;IsSupplementTo;1;/v3/Links?sourcePid=10.17182/hepdata.30892.v1/t13&targetPid=10.1016/0370-2693(82)90117-4&relation=IsSupplementTo
10.17182/hepdata.2111.v1;10.1007/bf01577559;IsSupplementTo;1;/v3/Links?sourcePid=10.17182/hepdata.2111.v1&targetPid=10.1007/bf01577559&relation=IsSupplementTo
10.17182/hepdata.11818.v1/t20;10.1016/j.nuclphysb.2006.05.016;IsSupplementTo;1;/v3/Links?sourcePid=10.17182/hepdata.11818.v1/t20&targetPid=10.1016/j.nuclphysb.2006.05.016&relation=IsSupplementTo
10.17182/hepdata.11818.v1/t6;10.1016/j.nuclphysb.2006.05.016;IsSupplementTo;1;/v3/Links?sourcePid=10.17182/hepdata.11818.v1/t6&targetPid=10.1016/j.nuclphysb.2006.05.016&relation=IsSupplementTo
10.17182/hepdata.11818.v1/t69;10.1016/j.nuclphysb.2006.05.016;IsSupplementTo;1;/v3/Links?sourcePid=10.17182/hepdata.11818.v1/t69&targetPid=10.1016/j.nuclphysb.2006.05.016&relation=IsSupplementTo
10.17182/hepdata.70063.v1/t11;10.1007/jhep06(2012)160;IsSupplementTo;1;/v3/Links?sourcePid=10.17182/hepdata.70063.v1/t11&targetPid=10.1007/jhep06(2012)160&relation=IsSupplementTo
10.17182/hepdata.53754.v1/t11;10.1088/1126-6708/2009/06/074;IsSupplementTo;1;/v3/Links?sourcePid=10.17182/hepdata.53754.v1/t11&targetPid=10.1088/1126-6708/2009/06/074&relation=IsSupplementTo
10.17182/hepdata.57077.v1/t36;10.1088/1367-2630/13/5/053033;IsSupplementTo;1;/v3/Links?sourcePid=10.17182/hepdata.57077.v1/t36&targetPid=10.1088/1367-2630/13/5/053033&relation=IsSupplementTo
10.17182/hepdata.30634.v1;10.1016/0370-2693(83)91542-3;IsSupplementTo;1;/v3/Links?sourcePid=10.17182/hepdata.30634.v1&targetPid=10.1016/0370-2693(83)91542-3&relation=IsSupplementTo
10.17182/hepdata.62425.v1/t3;10.1007/jhep03(2012)020;IsSupplementTo;1;/v3/Links?sourcePid=10.17182/hepdata.62425.v1/t3&targetPid=10.1007/jhep03(2012)020&relation=IsSupplementTo
10.17182/hepdata.45892.v1/t10;10.1140/epjc/s10052-006-0035-3;IsSupplementTo;1;/v3/Links?sourcePid=10.17182/hepdata.45892.v1/t10&targetPid=10.1140/epjc/s10052-006-0035-3&relation=IsSupplementTo
10.17182/hepdata.45892.v1/t12;10.1140/epjc/s10052-006-0035-3;IsSupplementTo;1;/v3/Links?sourcePid=10.17182/hepdata.45892.v1/t12&targetPid=10.1140/epjc/s10052-006-0035-3&relation=IsSupplementTo
10.17182/hepdata.58756.v1/t8;10.1103/physrevlett.108.261804;IsSupplementTo;1;/v3/Links?sourcePid=10.17182/hepdata.58756.v1/t8&targetPid=10.1103/physrevlett.108.261804&relation=IsSupplementTo
10.25505/fiz.icsd.cc22mtxg;10.2138/am-2022-8186;IsSupplementTo;1;/v3/Links?sourcePid=10.25505/fiz.icsd.cc22mtxg&targetPid=10.2138/am-2022-8186&relation=IsSupplementTo
10.17182/hepdata.64778.v1/t2;10.1103/physrevd.90.072002;IsSupplementTo;1;/v3/Links?sourcePid=10.17182/hepdata.64778.v1/t2&targetPid=10.1103/physrevd.90.072002&relation=IsSupplementTo
10.17182/hepdata.64778.v1/t36;10.1103/physrevd.90.072002;IsSupplementTo;1;/v3/Links?sourcePid=10.17182/hepdata.64778.v1/t36&targetPid=10.1103/physrevd.90.072002&relation=IsSupplementTo
10.17182/hepdata.64778.v1/t73;10.1103/physrevd.90.072002;IsSupplementTo;1;/v3/Links?sourcePid=10.17182/hepdata.64778.v1/t73&targetPid=10.1103/physrevd.90.072002&relation=IsSupplementTo
10.5517/ccxwsbw;10.1039/c2ce25359c;IsSupplementTo;1;/v3/Links?sourcePid=10.5517/ccxwsbw&targetPid=10.1039/c2ce25359c&relation=IsSupplementTo
10.17182/hepdata.63817.v1/t4;10.1016/j.physletb.2011.03.060;IsSupplementTo;1;/v3/Links?sourcePid=10.17182/hepdata.63817.v1/t4&targetPid=10.1016/j.physletb.2011.03.060&relation=IsSupplementTo
10.17182/hepdata.72257.v1;10.1140/epjc/s10052-016-4126-5;IsSupplementTo;1;/v3/Links?sourcePid=10.17182/hepdata.72257.v1&targetPid=10.1140/epjc/s10052-016-4126-5&relation=IsSupplementTo
10.17182/hepdata.15283.v1/t7;10.1007/bf01674451;IsSupplementTo;1;/v3/Links?sourcePid=10.17182/hepdata.15283.v1/t7&targetPid=10.1007/bf01674451&relation=IsSupplementTo
10.17182/hepdata.37294.v1/t6;10.1016/0550-3213(76)90496-x;IsSupplementTo;1;/v3/Links?sourcePid=10.17182/hepdata.37294.v1/t6&targetPid=10.1016/0550-3213(76)90496-x&relation=IsSupplementTo
10.17182/hepdata.70879.v1/t98;10.1103/physrevd.93.052007;IsSupplementTo;1;/v3/Links?sourcePid=10.17182/hepdata.70879.v1/t98&targetPid=10.1103/physrevd.93.052007&relation=IsSupplementTo
10.17182/hepdata.69538.v1/t1;10.1103/physrevlett.116.052002;IsSupplementTo;1;/v3/Links?sourcePid=10.17182/hepdata.69538.v1/t1&targetPid=10.1103/physrevlett.116.052002&relation=IsSupplementTo
10.17182/hepdata.57092.v1;10.1103/physrevlett.106.201804;IsSupplementTo;1;/v3/Links?sourcePid=10.17182/hepdata.57092.v1&targetPid=10.1103/physrevlett.106.201804&relation=IsSupplementTo
10.17182/hepdata.57092.v1/t3;10.1103/physrevlett.106.201804;IsSupplementTo;1;/v3/Links?sourcePid=10.17182/hepdata.57092.v1/t3&targetPid=10.1103/physrevlett.106.201804&relation=IsSupplementTo
10.17182/hepdata.46122.v1/t10;10.1140/epjc/s2005-02346-2;IsSupplementTo;1;/v3/Links?sourcePid=10.17182/hepdata.46122.v1/t10&targetPid=10.1140/epjc/s2005-02346-2&relation=IsSupplementTo
10.25505/fiz.icsd.ccvsqr2;10.1039/c0dt00924e;IsSupplementTo;1;/v3/Links?sourcePid=10.25505/fiz.icsd.ccvsqr2&targetPid=10.1039/c0dt00924e&relation=IsSupplementTo
10.17182/hepdata.56004.v1/t13;10.1140/epjc/s10052-010-1512-2;IsSupplementTo;1;/v3/Links?sourcePid=10.17182/hepdata.56004.v1/t13&targetPid=10.1140/epjc/s10052-010-1512-2&relation=IsSupplementTo
10.17182/hepdata.44694.v1/t2;10.1016/s0370-2693(96)01684-x;IsSupplementTo;1;/v3/Links?sourcePid=10.17182/hepdata.44694.v1/t2&targetPid=10.1016/s0370-2693(96)01684-x&relation=IsSupplementTo
10.17182/hepdata.32577.v1/t4;10.1016/s0550-3213(99)00118-2;IsSupplementTo;1;/v3/Links?sourcePid=10.17182/hepdata.32577.v1/t4&targetPid=10.1016/s0550-3213(99)00118-2&relation=IsSupplementTo
10.1594/pangaea.960152;10.1017/aog.2023.47;IsSupplementTo;1;/v3/Links?sourcePid=10.1594/pangaea.960152&targetPid=10.1017/aog.2023.47&relation=IsSupplementTo
10.17182/hepdata.56191.v1/t101;10.1007/jhep05(2010)032;IsSupplementTo;1;/v3/Links?sourcePid=10.17182/hepdata.56191.v1/t101&targetPid=10.1007/jhep05(2010)032&relation=IsSupplementTo
10.17182/hepdata.56191.v1/t45;10.1007/jhep05(2010)032;IsSupplementTo;1;/v3/Links?sourcePid=10.17182/hepdata.56191.v1/t45&targetPid=10.1007/jhep05(2010)032&relation=IsSupplementTo
10.17182/hepdata.65267.v1/t1;10.1103/physrevd.88.112009;IsSupplementTo;1;/v3/Links?sourcePid=10.17182/hepdata.65267.v1/t1&targetPid=10.1103/physrevd.88.112009&relation=IsSupplementTo
10.17182/hepdata.65267.v1/t5;10.1103/physrevd.88.112009;IsSupplementTo;1;/v3/Links?sourcePid=10.17182/hepdata.65267.v1/t5&targetPid=10.1103/physrevd.88.112009&relation=IsSupplementTo
10.17182/hepdata.57718.v1/t1;10.1016/j.physletb.2011.10.018;IsSupplementTo;1;/v3/Links?sourcePid=10.17182/hepdata.57718.v1/t1&targetPid=10.1016/j.physletb.2011.10.018&relation=IsSupplementTo
10.17182/hepdata.58994.v1/t70;10.1103/physrevc.87.014902;IsSupplementTo;1;/v3/Links?sourcePid=10.17182/hepdata.58994.v1/t70&targetPid=10.1103/physrevc.87.014902&relation=IsSupplementTo
10.17182/hepdata.48674.v1/t3;10.1016/j.physletb.2006.05.006;IsSupplementTo;1;/v3/Links?sourcePid=10.17182/hepdata.48674.v1/t3&targetPid=10.1016/j.physletb.2006.05.006&relation=IsSupplementTo
10.17182/hepdata.35044.v1/t3;10.1016/s0370-2693(99)01195-8;IsSupplementTo;1;/v3/Links?sourcePid=10.17182/hepdata.35044.v1/t3&targetPid=10.1016/s0370-2693(99)01195-8&relation=IsSupplementTo
10.17182/hepdata.76986.v1/t1;10.1007/jhep08(2016)159;IsSupplementTo;1;/v3/Links?sourcePid=10.17182/hepdata.76986.v1/t1&targetPid=10.1007/jhep08(2016)159&relation=IsSupplementTo
10.17182/hepdata.60126.v1/t27;10.1103/physrevlett.110.081802;IsSupplementTo;1;/v3/Links?sourcePid=10.17182/hepdata.60126.v1/t27&targetPid=10.1103/physrevlett.110.081802&relation=IsSupplementTo
10.17182/hepdata.60126.v1/t65;10.1103/physrevlett.110.081802;IsSupplementTo;1;/v3/Links?sourcePid=10.17182/hepdata.60126.v1/t65&targetPid=10.1103/physrevlett.110.081802&relation=IsSupplementTo
10.17182/hepdata.53740.v1/t13;10.1016/j.physletb.2009.10.050;IsSupplementTo;1;/v3/Links?sourcePid=10.17182/hepdata.53740.v1/t13&targetPid=10.1016/j.physletb.2009.10.050&relation=IsSupplementTo
10.17182/hepdata.53740.v1/t39;10.1016/j.physletb.2009.10.050;IsSupplementTo;1;/v3/Links?sourcePid=10.17182/hepdata.53740.v1/t39&targetPid=10.1016/j.physletb.2009.10.050&relation=IsSupplementTo
10.6084/m9.figshare.c.3917365_d9;10.1186/s12983-017-0238-5;IsSupplementTo;1;/v3/Links?sourcePid=10.6084/m9.figshare.c.3917365_d9&targetPid=10.1186/s12983-017-0238-5&relation=IsSupplementTo
10.17182/hepdata.54512.v1/t7;10.1016/j.physletb.2009.10.035;IsSupplementTo;1;/v3/Links?sourcePid=10.17182/hepdata.54512.v1/t7&targetPid=10.1016/j.physletb.2009.10.035&relation=IsSupplementTo
10.17182/hepdata.67921.v1/t60;10.1140/epjc/s10052-015-3518-2;IsSupplementTo;1;/v3/Links?sourcePid=10.17182/hepdata.67921.v1/t60&targetPid=10.1140/epjc/s10052-015-3518-2&relation=IsSupplementTo
10.17182/hepdata.1432.v1/t71;10.1007/bf01559431;IsSupplementTo;1;/v3/Links?sourcePid=10.17182/hepdata.1432.v1/t71&targetPid=10.1007/bf01559431&relation=IsSupplementTo
10.1594/pangaea.786478;10.1016/j.epsl.2010.10.028;IsSupplementTo;1;/v3/Links?sourcePid=10.1594/pangaea.786478&targetPid=10.1016/j.epsl.2010.10.028&relation=IsSupplementTo
10.17182/hepdata.43951.v1/t29;10.1007/s100520000287;IsSupplementTo;1;/v3/Links?sourcePid=10.17182/hepdata.43951.v1/t29&targetPid=10.1007/s100520000287&relation=IsSupplementTo
10.17182/hepdata.44713.v1/t4;10.1007/s002880050281;IsSupplementTo;1;/v3/Links?sourcePid=10.17182/hepdata.44713.v1/t4&targetPid=10.1007/s002880050281&relation=IsSupplementTo
10.17182/hepdata.46947.v1/t2;10.1007/s100520100622;IsSupplementTo;1;/v3/Links?sourcePid=10.17182/hepdata.46947.v1/t2&targetPid=10.1007/s100520100622&relation=IsSupplementTo
10.17182/hepdata.13244;10.1016/0550-3213(85)90635-2;IsSupplementTo;1;/v3/Links?sourcePid=10.17182/hepdata.13244&targetPid=10.1016/0550-3213(85)90635-2&relation=IsSupplementTo
10.17182/hepdata.13244.v1/t69;10.1016/0550-3213(85)90635-2;IsSupplementTo;1;/v3/Links?sourcePid=10.17182/hepdata.13244.v1/t69&targetPid=10.1016/0550-3213(85)90635-2&relation=IsSupplementTo
10.17182/hepdata.13244.v1/t83;10.1016/0550-3213(85)90635-2;IsSupplementTo;1;/v3/Links?sourcePid=10.17182/hepdata.13244.v1/t83&targetPid=10.1016/0550-3213(85)90635-2&relation=IsSupplementTo
10.17182/hepdata.72792.v1/t16;10.1140/epjc/s10052-016-4095-8;IsSupplementTo;1;/v3/Links?sourcePid=10.17182/hepdata.72792.v1/t16&targetPid=10.1140/epjc/s10052-016-4095-8&relation=IsSupplementTo
10.1594/pangaea.695995;10.1038/nature06763;IsSupplementTo;1;/v3/Links?sourcePid=10.1594/pangaea.695995&targetPid=10.1038/nature06763&relation=IsSupplementTo
10.1594/pangaea.899276;10.1016/j.quascirev.2019.01.016;IsSupplementTo;1;/v3/Links?sourcePid=10.1594/pangaea.899276&targetPid=10.1016/j.quascirev.2019.01.016&relation=IsSupplementTo
10.17182/hepdata.54963.v1/t27;10.1186/1754-0410-1-6;IsSupplementTo;1;/v3/Links?sourcePid=10.17182/hepdata.54963.v1/t27&targetPid=10.1186/1754-0410-1-6&relation=IsSupplementTo
10.17182/hepdata.44585.v1/t9;10.1016/s0370-2693(97)00847-2;IsSupplementTo;1;/v3/Links?sourcePid=10.17182/hepdata.44585.v1/t9&targetPid=10.1016/s0370-2693(97)00847-2&relation=IsSupplementTo
10.17182/hepdata.57523;10.1007/jhep08(2011)086;IsSupplementTo;1;/v3/Links?sourcePid=10.17182/hepdata.57523&targetPid=10.1007/jhep08(2011)086&relation=IsSupplementTo
10.17182/hepdata.44897;10.1016/0370-2693(95)00403-8;IsSupplementTo;1;/v3/Links?sourcePid=10.17182/hepdata.44897&targetPid=10.1016/0370-2693(95)00403-8&relation=IsSupplementTo
10.17182/hepdata.1060.v1/t6;10.1007/bf02721349;IsSupplementTo;1;/v3/Links?sourcePid=10.17182/hepdata.1060.v1/t6&targetPid=10.1007/bf02721349&relation=IsSupplementTo
10.17182/hepdata.43895.v1/t22;10.1007/s100529900244;IsSupplementTo;1;/v3/Links?sourcePid=10.17182/hepdata.43895.v1/t22&targetPid=10.1007/s100529900244&relation=IsSupplementTo
10.17182/hepdata.43895.v1/t4;10.1007/s100529900244;IsSupplementTo;1;/v3/Links?sourcePid=10.17182/hepdata.43895.v1/t4&targetPid=10.1007/s100529900244&relation=IsSupplementTo
10.17182/hepdata.57532.v1/t5;10.1140/epjc/s10052-011-1575-8;IsSupplementTo;1;/v3/Links?sourcePid=10.17182/hepdata.57532.v1/t5&targetPid=10.1140/epjc/s10052-011-1575-8&relation=IsSupplementTo
10.17182/hepdata.44700.v1/t2;10.1007/s002880050314;IsSupplementTo;1;/v3/Links?sourcePid=10.17182/hepdata.44700.v1/t2&targetPid=10.1007/s002880050314&relation=IsSupplementTo
10.17182/hepdata.89408.v3/t16;10.1007/jhep12(2019)060;IsSupplementTo;1;/v3/Links?sourcePid=10.17182/hepdata.89408.v3/t16&targetPid=10.1007/jhep12(2019)060&relation=IsSupplementTo
10.17182/hepdata.18620.v1/t33;10.1007/jhep12(2015)105;IsSupplementTo;1;/v3/Links?sourcePid=10.17182/hepdata.18620.v1/t33&targetPid=10.1007/jhep12(2015)105&relation=IsSupplementTo
10.17182/hepdata.44430.v1/t3;10.1007/s100520050124;IsSupplementTo;0;/v3/Links?sourcePid=10.17182/hepdata.44430.v1/t3&targetPid=10.1007/s100520050124&relation=IsSupplementTo
10.17182/hepdata.15433.v1;10.1007/bf01549686;IsSupplementTo;1;/v3/Links?sourcePid=10.17182/hepdata.15433.v1&targetPid=10.1007/bf01549686&relation=IsSupplementTo
10.17182/hepdata.58497.v1/t2;10.1140/epjc/s10052-012-1926-0;IsSupplementTo;1;/v3/Links?sourcePid=10.17182/hepdata.58497.v1/t2&targetPid=10.1140/epjc/s10052-012-1926-0&relation=IsSupplementTo
10.17182/hepdata.77275.v1/t6;10.1103/physrevc.92.034904;IsSupplementTo;1;/v3/Links?sourcePid=10.17182/hepdata.77275.v1/t6&targetPid=10.1103/physrevc.92.034904&relation=IsSupplementTo
10.17182/hepdata.59487.v1/t1;10.1007/jhep07(2012)167;IsSupplementTo;1;/v3/Links?sourcePid=10.17182/hepdata.59487.v1/t1&targetPid=10.1007/jhep07(2012)167&relation=IsSupplementTo
10.17182/hepdata.59488.v1/t187;10.1103/physrevc.86.014907;IsSupplementTo;1;/v3/Links?sourcePid=10.17182/hepdata.59488.v1/t187&targetPid=10.1103/physrevc.86.014907&relation=IsSupplementTo
10.17182/hepdata.29204.v1/t1;10.1016/0370-2693(68)90310-9;IsSupplementTo;1;/v3/Links?sourcePid=10.17182/hepdata.29204.v1/t1&targetPid=10.1016/0370-2693(68)90310-9&relation=IsSupplementTo
10.17182/hepdata.61814.v1/t34;10.1103/physrevd.94.032003;IsSupplementTo;1;/v3/Links?sourcePid=10.17182/hepdata.61814.v1/t34&targetPid=10.1103/physrevd.94.032003&relation=IsSupplementTo
10.17182/hepdata.45640.v1/t11;10.1140/epjc/s10052-007-0220-z;IsSupplementTo;1;/v3/Links?sourcePid=10.17182/hepdata.45640.v1/t11&targetPid=10.1140/epjc/s10052-007-0220-z&relation=IsSupplementTo
10.17182/hepdata.46710.v1/t1;10.1007/s100520100845;IsSupplementTo;1;/v3/Links?sourcePid=10.17182/hepdata.46710.v1/t1&targetPid=10.1007/s100520100845&relation=IsSupplementTo
10.17182/hepdata.15560.v1;10.1007/bf01559717;IsSupplementTo;1;/v3/Links?sourcePid=10.17182/hepdata.15560.v1&targetPid=10.1007/bf01559717&relation=IsSupplementTo
10.17182/hepdata.45516.v1/t2;10.1016/j.nuclphysb.2007.06.022;IsSupplementTo;1;/v3/Links?sourcePid=10.17182/hepdata.45516.v1/t2&targetPid=10.1016/j.nuclphysb.2007.06.022&relation=IsSupplementTo
10.25505/fiz.icsd.cc1y3pyp;10.1002/anie.201608530;IsSupplementTo;1;/v3/Links?sourcePid=10.25505/fiz.icsd.cc1y3pyp&targetPid=10.1002/anie.201608530&relation=IsSupplementTo
10.17182/hepdata.65389.v1;10.1007/jhep10(2014)141;IsSupplementTo;1;/v3/Links?sourcePid=10.17182/hepdata.65389.v1&targetPid=10.1007/jhep10(2014)141&relation=IsSupplementTo
10.17182/hepdata.51622.v1/t1;10.1140/epjc/s10052-009-1015-1;IsSupplementTo;1;/v3/Links?sourcePid=10.17182/hepdata.51622.v1/t1&targetPid=10.1140/epjc/s10052-009-1015-1&relation=IsSupplementTo
10.17182/hepdata.39682.v1/t51;10.1103/physrevd.85.092002;IsSupplementTo;1;/v3/Links?sourcePid=10.17182/hepdata.39682.v1/t51&targetPid=10.1103/physrevd.85.092002&relation=IsSupplementTo
10.17182/hepdata.68040.v1/t8;10.1007/jhep07(2012)019;IsSupplementTo;1;/v3/Links?sourcePid=10.17182/hepdata.68040.v1/t8&targetPid=10.1007/jhep07(2012)019&relation=IsSupplementTo
10.17182/hepdata.68950.v1/t195;10.1103/physrevc.92.034903;IsSupplementTo;1;/v3/Links?sourcePid=10.17182/hepdata.68950.v1/t195&targetPid=10.1103/physrevc.92.034903&relation=IsSupplementTo
10.17182/hepdata.68950.v1/t211;10.1103/physrevc.92.034903;IsSupplementTo;1;/v3/Links?sourcePid=10.17182/hepdata.68950.v1/t211&targetPid=10.1103/physrevc.92.034903&relation=IsSupplementTo
10.17182/hepdata.74125.v1/t57;10.1103/physrevd.94.052009;IsSupplementTo;1;/v3/Links?sourcePid=10.17182/hepdata.74125.v1/t57&targetPid=10.1103/physrevd.94.052009&relation=IsSupplementTo
10.17182/hepdata.56856.v1/t1;10.1140/epjc/s10052-010-1240-7;IsSupplementTo;1;/v3/Links?sourcePid=10.17182/hepdata.56856.v1/t1&targetPid=10.1140/epjc/s10052-010-1240-7&relation=IsSupplementTo
10.17182/hepdata.56856.v1/t3;10.1140/epjc/s10052-010-1240-7;IsSupplementTo;1;/v3/Links?sourcePid=10.17182/hepdata.56856.v1/t3&targetPid=10.1140/epjc/s10052-010-1240-7&relation=IsSupplementTo
10.17182/hepdata.68152.v1/t4;10.1103/physrevd.90.012004;IsSupplementTo;1;/v3/Links?sourcePid=10.17182/hepdata.68152.v1/t4&targetPid=10.1103/physrevd.90.012004&relation=IsSupplementTo
10.17182/hepdata.73192.v1/t15;10.1103/physrevlett.116.172302;IsSupplementTo;1;/v3/Links?sourcePid=10.17182/hepdata.73192.v1/t15&targetPid=10.1103/physrevlett.116.172302&relation=IsSupplementTo
10.17182/hepdata.55370.v1/t12;10.1016/j.physletb.2010.02.024;IsSupplementTo;1;/v3/Links?sourcePid=10.17182/hepdata.55370.v1/t12&targetPid=10.1016/j.physletb.2010.02.024&relation=IsSupplementTo
10.17182/hepdata.63972.v1/t38;10.1140/epjc/s10052-014-2847-x;IsSupplementTo;1;/v3/Links?sourcePid=10.17182/hepdata.63972.v1/t38&targetPid=10.1140/epjc/s10052-014-2847-x&relation=IsSupplementTo
10.17182/hepdata.58341.v1/t7;10.1103/physrevd.85.012001;IsSupplementTo;1;/v3/Links?sourcePid=10.17182/hepdata.58341.v1/t7&targetPid=10.1103/physrevd.85.012001&relation=IsSupplementTo
10.5517/ccdc.csd.cc2fl8jv;10.1021/acs.cgd.4c00969;IsSupplementTo;1;/v3/Links?sourcePid=10.5517/ccdc.csd.cc2fl8jv&targetPid=10.1021/acs.cgd.4c00969&relation=IsSupplementTo
10.25505/fiz.icsd.cc25jdrw;10.1180/minmag.2012.076.5.12;IsSupplementTo;1;/v3/Links?sourcePid=10.25505/fiz.icsd.cc25jdrw&targetPid=10.1180/minmag.2012.076.5.12&relation=IsSupplementTo
10.17182/hepdata.44123.v1/t2;10.1016/s0550-3213(99)00119-4;IsSupplementTo;1;/v3/Links?sourcePid=10.17182/hepdata.44123.v1/t2&targetPid=10.1016/s0550-3213(99)00119-4&relation=IsSupplementTo
10.5517/cc135k4z;10.1002/cphc.201402600;IsSupplementTo;1;/v3/Links?sourcePid=10.5517/cc135k4z&targetPid=10.1002/cphc.201402600&relation=IsSupplementTo
10.17182/hepdata.15362.v1/t5;10.1007/bf01549077;IsSupplementTo;1;/v3/Links?sourcePid=10.17182/hepdata.15362.v1/t5&targetPid=10.1007/bf01549077&relation=IsSupplementTo
10.17182/hepdata.45700.v1;10.1140/epjc/s2006-02616-5;IsSupplementTo;1;/v3/Links?sourcePid=10.17182/hepdata.45700.v1&targetPid=10.1140/epjc/s2006-02616-5&relation=IsSupplementTo
10.17182/hepdata.49910.v1;10.1016/s0370-2693(00)01085-6;IsSupplementTo;1;/v3/Links?sourcePid=10.17182/hepdata.49910.v1&targetPid=10.1016/s0370-2693(00)01085-6&relation=IsSupplementTo
10.17182/hepdata.52425.v1/t28;10.1140/epjc/s10052-009-1128-6;IsSupplementTo;1;/v3/Links?sourcePid=10.17182/hepdata.52425.v1/t28&targetPid=10.1140/epjc/s10052-009-1128-6&relation=IsSupplementTo
10.17182/hepdata.62097.v1/t25;10.1103/physrevd.87.074029;IsSupplementTo;1;/v3/Links?sourcePid=10.17182/hepdata.62097.v1/t25&targetPid=10.1103/physrevd.87.074029&relation=IsSupplementTo
10.17182/hepdata.1897.v1/t8;10.1007/bf01555879;IsSupplementTo;1;/v3/Links?sourcePid=10.17182/hepdata.1897.v1/t8&targetPid=10.1007/bf01555879&relation=IsSupplementTo
10.17182/hepdata.14424.v1/t7;10.1007/bf01560337;IsSupplementTo;1;/v3/Links?sourcePid=10.17182/hepdata.14424.v1/t7&targetPid=10.1007/bf01560337&relation=IsSupplementTo
10.5517/ccdc.csd.cc2bpltg;10.1021/acs.inorgchem.2c01472;IsSupplementTo;1;/v3/Links?sourcePid=10.5517/ccdc.csd.cc2bpltg&targetPid=10.1021/acs.inorgchem.2c01472&relation=IsSupplementTo
10.17182/hepdata.66548.v1/t2;10.1103/physrevlett.113.262301;IsSupplementTo;1;/v3/Links?sourcePid=10.17182/hepdata.66548.v1/t2&targetPid=10.1103/physrevlett.113.262301&relation=IsSupplementTo
10.17182/hepdata.64353.v1/t11;10.1140/epjc/s10052-014-3223-6;IsSupplementTo;1;/v3/Links?sourcePid=10.17182/hepdata.64353.v1/t11&targetPid=10.1140/epjc/s10052-014-3223-6&relation=IsSupplementTo
10.17182/hepdata.64353.v1/t16;10.1140/epjc/s10052-014-3223-6;IsSupplementTo;1;/v3/Links?sourcePid=10.17182/hepdata.64353.v1/t16&targetPid=10.1140/epjc/s10052-014-3223-6&relation=IsSupplementTo
10.17182/hepdata.44896.v1/t5;10.1016/0550-3213(96)00274-x;IsSupplementTo;1;/v3/Links?sourcePid=10.17182/hepdata.44896.v1/t5&targetPid=10.1016/0550-3213(96)00274-x&relation=IsSupplementTo
10.5517/ccdc.csd.cc279yq7;10.1021/acs.inorgchem.1c00594;IsSupplementTo;1;/v3/Links?sourcePid=10.5517/ccdc.csd.cc279yq7&targetPid=10.1021/acs.inorgchem.1c00594&relation=IsSupplementTo
10.17182/hepdata.60276;10.1140/epjc/s10052-012-2215-7;IsSupplementTo;1;/v3/Links?sourcePid=10.17182/hepdata.60276&targetPid=10.1140/epjc/s10052-012-2215-7&relation=IsSupplementTo
10.17182/hepdata.47587.v1/t1;10.1016/0370-2693(96)00467-4;IsSupplementTo;1;/v3/Links?sourcePid=10.17182/hepdata.47587.v1/t1&targetPid=10.1016/0370-2693(96)00467-4&relation=IsSupplementTo
10.17182/hepdata.11903.v1/t21;10.1140/epjc/s2003-01257-6;IsSupplementTo;1;/v3/Links?sourcePid=10.17182/hepdata.11903.v1/t21&targetPid=10.1140/epjc/s2003-01257-6&relation=IsSupplementTo
10.17182/hepdata.63789.v1/t10;10.1140/epjc/s10052-008-0598-2;IsSupplementTo;1;/v3/Links?sourcePid=10.17182/hepdata.63789.v1/t10&targetPid=10.1140/epjc/s10052-008-0598-2&relation=IsSupplementTo
10.17182/hepdata.59904;10.1103/physrevd.87.012008;IsSupplementTo;1;/v3/Links?sourcePid=10.17182/hepdata.59904&targetPid=10.1103/physrevd.87.012008&relation=IsSupplementTo
10.17182/hepdata.61487.v1/t14;10.1140/epjc/s10052-010-1448-6;IsSupplementTo;1;/v3/Links?sourcePid=10.17182/hepdata.61487.v1/t14&targetPid=10.1140/epjc/s10052-010-1448-6&relation=IsSupplementTo
10.17182/hepdata.61487.v1/t2;10.1140/epjc/s10052-010-1448-6;IsSupplementTo;1;/v3/Links?sourcePid=10.17182/hepdata.61487.v1/t2&targetPid=10.1140/epjc/s10052-010-1448-6&relation=IsSupplementTo
10.17182/hepdata.68640.v1/t55;10.1140/epjc/s10052-015-3609-0;IsSupplementTo;1;/v3/Links?sourcePid=10.17182/hepdata.68640.v1/t55&targetPid=10.1140/epjc/s10052-015-3609-0&relation=IsSupplementTo
10.17182/hepdata.68640.v1/t69;10.1140/epjc/s10052-015-3609-0;IsSupplementTo;1;/v3/Links?sourcePid=10.17182/hepdata.68640.v1/t69&targetPid=10.1140/epjc/s10052-015-3609-0&relation=IsSupplementTo
10.17182/hepdata.64385.v2/t7;10.1103/physrevd.90.112006;IsSupplementTo;1;/v3/Links?sourcePid=10.17182/hepdata.64385.v2/t7&targetPid=10.1103/physrevd.90.112006&relation=IsSupplementTo
10.17182/hepdata.45891.v1/t10;10.1140/epjc/s10052-006-0046-0;IsSupplementTo;1;/v3/Links?sourcePid=10.17182/hepdata.45891.v1/t10&targetPid=10.1140/epjc/s10052-006-0046-0&relation=IsSupplementTo
10.17182/hepdata.62363.v1/t16;10.1007/jhep05(2013)097;IsSupplementTo;1;/v3/Links?sourcePid=10.17182/hepdata.62363.v1/t16&targetPid=10.1007/jhep05(2013)097&relation=IsSupplementTo
10.17182/hepdata.43089.v1/t13;10.1140/epjc/s10052-007-0237-3;IsSupplementTo;1;/v3/Links?sourcePid=10.17182/hepdata.43089.v1/t13&targetPid=10.1140/epjc/s10052-007-0237-3&relation=IsSupplementTo
10.17182/hepdata.70880.v1/t72;10.1140/epjc/s10052-016-4105-x;IsSupplementTo;1;/v3/Links?sourcePid=10.17182/hepdata.70880.v1/t72&targetPid=10.1140/epjc/s10052-016-4105-x&relation=IsSupplementTo
10.17182/hepdata.70880.v1/t9;10.1140/epjc/s10052-016-4105-x;IsSupplementTo;1;/v3/Links?sourcePid=10.17182/hepdata.70880.v1/t9&targetPid=10.1140/epjc/s10052-016-4105-x&relation=IsSupplementTo
10.1594/pangaea.807216;10.1016/j.marmicro.2011.11.006;IsSupplementTo;1;/v3/Links?sourcePid=10.1594/pangaea.807216&targetPid=10.1016/j.marmicro.2011.11.006&relation=IsSupplementTo
10.6084/m9.figshare.12736940;10.1186/s13014-020-01620-5;IsSupplementTo;1;/v3/Links?sourcePid=10.6084/m9.figshare.12736940&targetPid=10.1186/s13014-020-01620-5&relation=IsSupplementTo
10.17182/hepdata.43174.v1/t18;10.1140/epjc/s2004-01595-9;IsSupplementTo;1;/v3/Links?sourcePid=10.17182/hepdata.43174.v1/t18&targetPid=10.1140/epjc/s2004-01595-9&relation=IsSupplementTo
10.17182/hepdata.43174.v1/t5;10.1140/epjc/s2004-01595-9;IsSupplementTo;1;/v3/Links?sourcePid=10.17182/hepdata.43174.v1/t5&targetPid=10.1140/epjc/s2004-01595-9&relation=IsSupplementTo
10.5517/ccdc.csd.cc210pb3;10.1002/asia.201801564;IsSupplementTo;1;/v3/Links?sourcePid=10.5517/ccdc.csd.cc210pb3&targetPid=10.1002/asia.201801564&relation=IsSupplementTo
10.17182/hepdata.58739.v1/t18;10.1007/jhep05(2012)128;IsSupplementTo;1;/v3/Links?sourcePid=10.17182/hepdata.58739.v1/t18&targetPid=10.1007/jhep05(2012)128&relation=IsSupplementTo
10.17182/hepdata.45282.v1/t1;10.1016/0370-2693(69)90441-9;IsSupplementTo;1;/v3/Links?sourcePid=10.17182/hepdata.45282.v1/t1&targetPid=10.1016/0370-2693(69)90441-9&relation=IsSupplementTo
10.5517/ccv4pyl;10.1021/ic1013768;IsSupplementTo;1;/v3/Links?sourcePid=10.5517/ccv4pyl&targetPid=10.1021/ic1013768&relation=IsSupplementTo
10.17182/hepdata.45104;10.1007/bf01556128;IsSupplementTo;1;/v3/Links?sourcePid=10.17182/hepdata.45104&targetPid=10.1007/bf01556128&relation=IsSupplementTo
10.5517/ccvhxcl;10.1021/cm1008587;IsSupplementTo;1;/v3/Links?sourcePid=10.5517/ccvhxcl&targetPid=10.1021/cm1008587&relation=IsSupplementTo
10.17182/hepdata.58995.v1/t100;10.1103/physrevd.86.072004;IsSupplementTo;1;/v3/Links?sourcePid=10.17182/hepdata.58995.v1/t100&targetPid=10.1103/physrevd.86.072004&relation=IsSupplementTo
10.17182/hepdata.58995.v1/t86;10.1103/physrevd.86.072004;IsSupplementTo;1;/v3/Links?sourcePid=10.17182/hepdata.58995.v1/t86&targetPid=10.1103/physrevd.86.072004&relation=IsSupplementTo
10.17182/hepdata.11211.v1/t14;10.1103/physrevd.75.012007;IsSupplementTo;1;/v3/Links?sourcePid=10.17182/hepdata.11211.v1/t14&targetPid=10.1103/physrevd.75.012007&relation=IsSupplementTo
10.17182/hepdata.1500.v1/t2;10.1007/bf01555856;IsSupplementTo;1;/v3/Links?sourcePid=10.17182/hepdata.1500.v1/t2&targetPid=10.1007/bf01555856&relation=IsSupplementTo
10.17182/hepdata.31046.v1/t37;10.1016/0370-2693(81)90896-0;IsSupplementTo;1;/v3/Links?sourcePid=10.17182/hepdata.31046.v1/t37&targetPid=10.1016/0370-2693(81)90896-0&relation=IsSupplementTo
10.17182/hepdata.47586.v1;10.1016/0370-2693(96)00257-2;IsSupplementTo;1;/v3/Links?sourcePid=10.17182/hepdata.47586.v1&targetPid=10.1016/0370-2693(96)00257-2&relation=IsSupplementTo
10.17182/hepdata.45319.v1/t11;10.1088/1126-6708/2008/06/061;IsSupplementTo;1;/v3/Links?sourcePid=10.17182/hepdata.45319.v1/t11&targetPid=10.1088/1126-6708/2008/06/061&relation=IsSupplementTo
10.17182/hepdata.62221.v1/t19;10.1093/ptep/ptt097;IsSupplementTo;1;/v3/Links?sourcePid=10.17182/hepdata.62221.v1/t19&targetPid=10.1093/ptep/ptt097&relation=IsSupplementTo
10.17182/hepdata.62221.v1/t26;10.1093/ptep/ptt097;IsSupplementTo;1;/v3/Links?sourcePid=10.17182/hepdata.62221.v1/t26&targetPid=10.1093/ptep/ptt097&relation=IsSupplementTo
10.17182/hepdata.62221.v1/t36;10.1093/ptep/ptt097;IsSupplementTo;1;/v3/Links?sourcePid=10.17182/hepdata.62221.v1/t36&targetPid=10.1093/ptep/ptt097&relation=IsSupplementTo
10.17182/hepdata.31045.v1/t9;10.1016/0370-2693(81)90897-2;IsSupplementTo;1;/v3/Links?sourcePid=10.17182/hepdata.31045.v1/t9&targetPid=10.1016/0370-2693(81)90897-2&relation=IsSupplementTo
10.17182/hepdata.75323.v1/t18;10.1103/physrevd.94.092003;IsSupplementTo;1;/v3/Links?sourcePid=10.17182/hepdata.75323.v1/t18&targetPid=10.1103/physrevd.94.092003&relation=IsSupplementTo
10.17182/hepdata.44324.v1/t5;10.1016/s0370-2693(98)00426-2;IsSupplementTo;1;/v3/Links?sourcePid=10.17182/hepdata.44324.v1/t5&targetPid=10.1016/s0370-2693(98)00426-2&relation=IsSupplementTo
10.17182/hepdata.58224.v1/t14;10.1140/epjc/s10052-011-1795-y;IsSupplementTo;1;/v3/Links?sourcePid=10.17182/hepdata.58224.v1/t14&targetPid=10.1140/epjc/s10052-011-1795-y&relation=IsSupplementTo
10.17182/hepdata.58224.v1/t28;10.1140/epjc/s10052-011-1795-y;IsSupplementTo;1;/v3/Links?sourcePid=10.17182/hepdata.58224.v1/t28&targetPid=10.1140/epjc/s10052-011-1795-y&relation=IsSupplementTo
10.17182/hepdata.14584.v1/t6;10.1007/bf01565094;IsSupplementTo;1;/v3/Links?sourcePid=10.17182/hepdata.14584.v1/t6&targetPid=10.1007/bf01565094&relation=IsSupplementTo
10.17182/hepdata.71443.v1;10.1103/physrevd.93.032003;IsSupplementTo;1;/v3/Links?sourcePid=10.17182/hepdata.71443.v1&targetPid=10.1103/physrevd.93.032003&relation=IsSupplementTo
10.5517/ccdc.csd.cc2dp9cs;10.1126/science.adg2833;IsSupplementTo;1;/v3/Links?sourcePid=10.5517/ccdc.csd.cc2dp9cs&targetPid=10.1126/science.adg2833&relation=IsSupplementTo
10.17182/hepdata.46048.v1/t16;10.1016/j.nuclphysb.2005.09.021;IsSupplementTo;1;/v3/Links?sourcePid=10.17182/hepdata.46048.v1/t16&targetPid=10.1016/j.nuclphysb.2005.09.021&relation=IsSupplementTo
10.17182/hepdata.63216.v1/t10;10.1007/jhep05(2014)071;IsSupplementTo;1;/v3/Links?sourcePid=10.17182/hepdata.63216.v1/t10&targetPid=10.1007/jhep05(2014)071&relation=IsSupplementTo
10.17182/hepdata.33787.v1/t1;10.1016/0550-3213(85)90611-x;IsSupplementTo;1;/v3/Links?sourcePid=10.17182/hepdata.33787.v1/t1&targetPid=10.1016/0550-3213(85)90611-x&relation=IsSupplementTo
10.17182/hepdata.68072.v1/t12;10.1140/epjc/s10052-012-2080-4;IsSupplementTo;1;/v3/Links?sourcePid=10.17182/hepdata.68072.v1/t12&targetPid=10.1140/epjc/s10052-012-2080-4&relation=IsSupplementTo
10.17182/hepdata.68777.v1/t27;10.1103/physrevd.92.072004;IsSupplementTo;1;/v3/Links?sourcePid=10.17182/hepdata.68777.v1/t27&targetPid=10.1103/physrevd.92.072004&relation=IsSupplementTo
10.17182/hepdata.68777.v1/t32;10.1103/physrevd.92.072004;IsSupplementTo;1;/v3/Links?sourcePid=10.17182/hepdata.68777.v1/t32&targetPid=10.1103/physrevd.92.072004&relation=IsSupplementTo
10.17182/hepdata.57334;10.1103/physrevlett.115.091801;IsSupplementTo;1;/v3/Links?sourcePid=10.17182/hepdata.57334&targetPid=10.1103/physrevlett.115.091801&relation=IsSupplementTo
10.17182/hepdata.44998.v1/t10;10.1007/bf01579802;IsSupplementTo;1;/v3/Links?sourcePid=10.17182/hepdata.44998.v1/t10&targetPid=10.1007/bf01579802&relation=IsSupplementTo
10.17182/hepdata.44998.v1/t8;10.1007/bf01579802;IsSupplementTo;1;/v3/Links?sourcePid=10.17182/hepdata.44998.v1/t8&targetPid=10.1007/bf01579802&relation=IsSupplementTo
10.17182/hepdata.32060.v1;10.1016/0550-3213(75)90178-9;IsSupplementTo;1;/v3/Links?sourcePid=10.17182/hepdata.32060.v1&targetPid=10.1016/0550-3213(75)90178-9&relation=IsSupplementTo
10.17182/hepdata.45305.v1/t24;10.1140/epjc/s10052-009-0995-1;IsSupplementTo;1;/v3/Links?sourcePid=10.17182/hepdata.45305.v1/t24&targetPid=10.1140/epjc/s10052-009-0995-1&relation=IsSupplementTo
10.17182/hepdata.46546.v1/t7;10.1140/epjc/s2002-01130-2;IsSupplementTo;1;/v3/Links?sourcePid=10.17182/hepdata.46546.v1/t7&targetPid=10.1140/epjc/s2002-01130-2&relation=IsSupplementTo
10.17182/hepdata.58936.v1/t6;10.1140/epjc/s10052-012-2043-9;IsSupplementTo;1;/v3/Links?sourcePid=10.17182/hepdata.58936.v1/t6&targetPid=10.1140/epjc/s10052-012-2043-9&relation=IsSupplementTo
10.5517/cc107rgg;10.1021/cg400584w;IsSupplementTo;1;/v3/Links?sourcePid=10.5517/cc107rgg&targetPid=10.1021/cg400584w&relation=IsSupplementTo
10.17182/hepdata.64697;10.1103/physrevd.91.072003;IsSupplementTo;1;/v3/Links?sourcePid=10.17182/hepdata.64697&targetPid=10.1103/physrevd.91.072003&relation=IsSupplementTo
10.17182/hepdata.45698.v1/t3;10.1016/j.physletb.2006.05.042;IsSupplementTo;1;/v3/Links?sourcePid=10.17182/hepdata.45698.v1/t3&targetPid=10.1016/j.physletb.2006.05.042&relation=IsSupplementTo
10.17182/hepdata.75256.v1/t23;10.1016/j.physletb.2016.10.053;IsSupplementTo;1;/v3/Links?sourcePid=10.17182/hepdata.75256.v1/t23&targetPid=10.1016/j.physletb.2016.10.053&relation=IsSupplementTo
10.17182/hepdata.55178.v1/t3;10.1007/jhep05(2010)085;IsSupplementTo;1;/v3/Links?sourcePid=10.17182/hepdata.55178.v1/t3&targetPid=10.1007/jhep05(2010)085&relation=IsSupplementTo
10.17182/hepdata.75197.v1/t29;10.1103/physrevd.93.092004;IsSupplementTo;1;/v3/Links?sourcePid=10.17182/hepdata.75197.v1/t29&targetPid=10.1103/physrevd.93.092004&relation=IsSupplementTo
10.17182/hepdata.49627;10.1016/0370-2693(85)90012-7;IsSupplementTo;1;/v3/Links?sourcePid=10.17182/hepdata.49627&targetPid=10.1016/0370-2693(85)90012-7&relation=IsSupplementTo
10.17182/hepdata.58152.v1/t2;10.1140/epjc/s10052-011-1809-9;IsSupplementTo;1;/v3/Links?sourcePid=10.17182/hepdata.58152.v1/t2&targetPid=10.1140/epjc/s10052-011-1809-9&relation=IsSupplementTo
10.17182/hepdata.59945.v1/t12;10.1007/jhep11(2012)094;IsSupplementTo;1;/v3/Links?sourcePid=10.17182/hepdata.59945.v1/t12&targetPid=10.1007/jhep11(2012)094&relation=IsSupplementTo
10.17182/hepdata.59945.v1/t14;10.1007/jhep11(2012)094;IsSupplementTo;1;/v3/Links?sourcePid=10.17182/hepdata.59945.v1/t14&targetPid=10.1007/jhep11(2012)094&relation=IsSupplementTo
10.17182/hepdata.45894.v1/t23;10.1016/j.nuclphysb.2005.04.009;IsSupplementTo;1;/v3/Links?sourcePid=10.17182/hepdata.45894.v1/t23&targetPid=10.1016/j.nuclphysb.2005.04.009&relation=IsSupplementTo
10.17182/hepdata.44781.v1/t1;10.1016/0550-3213(96)00211-8;IsSupplementTo;1;/v3/Links?sourcePid=10.17182/hepdata.44781.v1/t1&targetPid=10.1016/0550-3213(96)00211-8&relation=IsSupplementTo
10.17182/hepdata.44781.v1/t13;10.1016/0550-3213(96)00211-8;IsSupplementTo;1;/v3/Links?sourcePid=10.17182/hepdata.44781.v1/t13&targetPid=10.1016/0550-3213(96)00211-8&relation=IsSupplementTo
10.17182/hepdata.44781.v1/t25;10.1016/0550-3213(96)00211-8;IsSupplementTo;1;/v3/Links?sourcePid=10.17182/hepdata.44781.v1/t25&targetPid=10.1016/0550-3213(96)00211-8&relation=IsSupplementTo
10.17182/hepdata.57944.v1/t2;10.1103/physrevd.84.052008;IsSupplementTo;1;/v3/Links?sourcePid=10.17182/hepdata.57944.v1/t2&targetPid=10.1103/physrevd.84.052008&relation=IsSupplementTo
10.17182/hepdata.62615.v1/t5;10.1140/epjc/s10052-013-2406-x;IsSupplementTo;1;/v3/Links?sourcePid=10.17182/hepdata.62615.v1/t5&targetPid=10.1140/epjc/s10052-013-2406-x&relation=IsSupplementTo
10.5517/ccdc.csd.cc1zy7fl;10.1021/acs.inorgchem.8b01398;IsSupplementTo;1;/v3/Links?sourcePid=10.5517/ccdc.csd.cc1zy7fl&targetPid=10.1021/acs.inorgchem.8b01398&relation=IsSupplementTo
10.17182/hepdata.15846.v1/t4;10.1007/bf01441345;IsSupplementTo;1;/v3/Links?sourcePid=10.17182/hepdata.15846.v1/t4&targetPid=10.1007/bf01441345&relation=IsSupplementTo
10.17182/hepdata.19490.v1/t18;10.1103/physrevlett.85.1819;IsSupplementTo;1;/v3/Links?sourcePid=10.17182/hepdata.19490.v1/t18&targetPid=10.1103/physrevlett.85.1819&relation=IsSupplementTo
10.1594/pangaea.701303;10.1016/j.marchem.2004.06.041;IsSupplementTo;1;/v3/Links?sourcePid=10.1594/pangaea.701303&targetPid=10.1016/j.marchem.2004.06.041&relation=IsSupplementTo
10.17182/hepdata.61486.v1/t22;10.1103/physrevc.84.055203;IsSupplementTo;1;/v3/Links?sourcePid=10.17182/hepdata.61486.v1/t22&targetPid=10.1103/physrevc.84.055203&relation=IsSupplementTo
10.17182/hepdata.61486.v1/t39;10.1103/physrevc.84.055203;IsSupplementTo;1;/v3/Links?sourcePid=10.17182/hepdata.61486.v1/t39&targetPid=10.1103/physrevc.84.055203&relation=IsSupplementTo
10.17182/hepdata.61486.v1/t41;10.1103/physrevc.84.055203;IsSupplementTo;1;/v3/Links?sourcePid=10.17182/hepdata.61486.v1/t41&targetPid=10.1103/physrevc.84.055203&relation=IsSupplementTo
10.1594/pangaea.921961;10.1029/2020jc016301;IsSupplementTo;1;/v3/Links?sourcePid=10.1594/pangaea.921961&targetPid=10.1029/2020jc016301&relation=IsSupplementTo
10.57760/sciencedb.04991;10.1088/1741-4326/ac4acd;IsSupplementTo;1;/v3/Links?sourcePid=10.57760/sciencedb.04991&targetPid=10.1088/1741-4326/ac4acd&relation=IsSupplementTo
10.6084/m9.figshare.c.5605805.v1;10.1186/s12934-021-01663-7;IsSupplementTo;1;/v3/Links?sourcePid=10.6084/m9.figshare.c.5605805.v1&targetPid=10.1186/s12934-021-01663-7&relation=IsSupplementTo
10.6084/m9.figshare.c.3855691_d6.v1;10.1186/s13071-017-2325-z;IsSupplementTo;1;/v3/Links?sourcePid=10.6084/m9.figshare.c.3855691_d6.v1&targetPid=10.1186/s13071-017-2325-z&relation=IsSupplementTo
10.25505/fiz.icsd.cc14pwf4;10.1016/j.jssc.2015.02.009;IsSupplementTo;1;/v3/Links?sourcePid=10.25505/fiz.icsd.cc14pwf4&targetPid=10.1016/j.jssc.2015.02.009&relation=IsSupplementTo
10.6084/m9.figshare.14432261;10.1186/s40168-020-00989-5;IsSupplementTo;1;/v3/Links?sourcePid=10.6084/m9.figshare.14432261&targetPid=10.1186/s40168-020-00989-5&relation=IsSupplementTo
10.1594/pangaea.897393;10.1038/s41467-019-08606-2;IsSupplementTo;1;/v3/Links?sourcePid=10.1594/pangaea.897393&targetPid=10.1038/s41467-019-08606-2&relation=IsSupplementTo
10.6084/m9.figshare.19964385.v1;10.1590/2175-8239-jbn-2021-0089;IsSupplementTo;1;/v3/Links?sourcePid=10.6084/m9.figshare.19964385.v1&targetPid=10.1590/2175-8239-jbn-2021-0089&relation=IsSupplementTo
10.25505/fiz.icsd.cc1y3q4x;10.1021/acs.inorgchem.6b02108;IsSupplementTo;1;/v3/Links?sourcePid=10.25505/fiz.icsd.cc1y3q4x&targetPid=10.1021/acs.inorgchem.6b02108&relation=IsSupplementTo
10.17182/hepdata.132013.v1/t14;10.1103/physrevc.95.055201;IsSupplementTo;1;/v3/Links?sourcePid=10.17182/hepdata.132013.v1/t14&targetPid=10.1103/physrevc.95.055201&relation=IsSupplementTo
10.17182/hepdata.132013.v1/t2;10.1103/physrevc.95.055201;IsSupplementTo;1;/v3/Links?sourcePid=10.17182/hepdata.132013.v1/t2&targetPid=10.1103/physrevc.95.055201&relation=IsSupplementTo
10.6084/m9.figshare.c.6227489;10.1186/s13007-022-00946-3;IsSupplementTo;1;/v3/Links?sourcePid=10.6084/m9.figshare.c.6227489&targetPid=10.1186/s13007-022-00946-3&relation=IsSupplementTo
10.6084/m9.figshare.c.5088213;10.1186/s13007-020-00652-y;IsSupplementTo;1;/v3/Links?sourcePid=10.6084/m9.figshare.c.5088213&targetPid=10.1186/s13007-020-00652-y&relation=IsSupplementTo
10.6084/m9.figshare.5764680;10.1186/s12864-017-4415-x;IsSupplementTo;1;/v3/Links?sourcePid=10.6084/m9.figshare.5764680&targetPid=10.1186/s12864-017-4415-x&relation=IsSupplementTo
10.6084/m9.figshare.c.6029025;10.1186/s12934-022-01816-2;IsSupplementTo;1;/v3/Links?sourcePid=10.6084/m9.figshare.c.6029025&targetPid=10.1186/s12934-022-01816-2&relation=IsSupplementTo
10.17182/hepdata.116551.v1/t50;10.1103/physrevc.93.055209;IsSupplementTo;1;/v3/Links?sourcePid=10.17182/hepdata.116551.v1/t50&targetPid=10.1103/physrevc.93.055209&relation=IsSupplementTo
10.17182/hepdata.61857.v1/t15;10.1103/physrevlett.111.222301;IsSupplementTo;1;/v3/Links?sourcePid=10.17182/hepdata.61857.v1/t15&targetPid=10.1103/physrevlett.111.222301&relation=IsSupplementTo
10.17182/hepdata.72304.v1/t103;10.1103/physrevc.93.034916;IsSupplementTo;1;/v3/Links?sourcePid=10.17182/hepdata.72304.v1/t103&targetPid=10.1103/physrevc.93.034916&relation=IsSupplementTo
10.17182/hepdata.72304.v1/t128;10.1103/physrevc.93.034916;IsSupplementTo;1;/v3/Links?sourcePid=10.17182/hepdata.72304.v1/t128&targetPid=10.1103/physrevc.93.034916&relation=IsSupplementTo
10.17182/hepdata.72304.v1/t83;10.1103/physrevc.93.034916;IsSupplementTo;1;/v3/Links?sourcePid=10.17182/hepdata.72304.v1/t83&targetPid=10.1103/physrevc.93.034916&relation=IsSupplementTo
10.17182/hepdata.72304.v1/t88;10.1103/physrevc.93.034916;IsSupplementTo;1;/v3/Links?sourcePid=10.17182/hepdata.72304.v1/t88&targetPid=10.1103/physrevc.93.034916&relation=IsSupplementTo
10.17182/hepdata.74447.v1/t47;10.1007/jhep09(2016)164;IsSupplementTo;1;/v3/Links?sourcePid=10.17182/hepdata.74447.v1/t47&targetPid=10.1007/jhep09(2016)164&relation=IsSupplementTo
10.17182/hepdata.56032.v1/t16;10.1016/j.physletb.2010.08.026;IsSupplementTo;1;/v3/Links?sourcePid=10.17182/hepdata.56032.v1/t16&targetPid=10.1016/j.physletb.2010.08.026&relation=IsSupplementTo
10.17182/hepdata.143074.v1/t1;10.1103/physrevd.88.032006;IsSupplementTo;1;/v3/Links?sourcePid=10.17182/hepdata.143074.v1/t1&targetPid=10.1103/physrevd.88.032006&relation=IsSupplementTo
10.17182/hepdata.14428.v1/t11;10.1007/bf01557694;IsSupplementTo;1;/v3/Links?sourcePid=10.17182/hepdata.14428.v1/t11&targetPid=10.1007/bf01557694&relation=IsSupplementTo
10.17182/hepdata.14428.v1/t20;10.1007/bf01557694;IsSupplementTo;1;/v3/Links?sourcePid=10.17182/hepdata.14428.v1/t20&targetPid=10.1007/bf01557694&relation=IsSupplementTo
10.17182/hepdata.61965.v1/t7;10.1140/epjc/s10052-013-2496-5;IsSupplementTo;1;/v3/Links?sourcePid=10.17182/hepdata.61965.v1/t7&targetPid=10.1140/epjc/s10052-013-2496-5&relation=IsSupplementTo
10.17182/hepdata.59732.v1/t50;10.1016/j.physletb.2012.09.055;IsSupplementTo;1;/v3/Links?sourcePid=10.17182/hepdata.59732.v1/t50&targetPid=10.1016/j.physletb.2012.09.055&relation=IsSupplementTo
10.17182/hepdata.68361.v1/t10;10.1103/physrevc.91.064905;IsSupplementTo;1;/v3/Links?sourcePid=10.17182/hepdata.68361.v1/t10&targetPid=10.1103/physrevc.91.064905&relation=IsSupplementTo
10.17182/hepdata.72903.v1;10.1140/epjc/s10052-016-4107-8;IsSupplementTo;1;/v3/Links?sourcePid=10.17182/hepdata.72903.v1&targetPid=10.1140/epjc/s10052-016-4107-8&relation=IsSupplementTo
10.17182/hepdata.61786.v1/t1;10.1016/j.physletb.2013.11.020;IsSupplementTo;1;/v3/Links?sourcePid=10.17182/hepdata.61786.v1/t1&targetPid=10.1016/j.physletb.2013.11.020&relation=IsSupplementTo
10.17182/hepdata.16503.v1/t15;10.1007/bf01292761;IsSupplementTo;1;/v3/Links?sourcePid=10.17182/hepdata.16503.v1/t15&targetPid=10.1007/bf01292761&relation=IsSupplementTo
10.17182/hepdata.16503.v1/t9;10.1007/bf01292761;IsSupplementTo;1;/v3/Links?sourcePid=10.17182/hepdata.16503.v1/t9&targetPid=10.1007/bf01292761&relation=IsSupplementTo
10.17182/hepdata.96561.v1/t10;10.1103/physrevc.87.034911;IsSupplementTo;1;/v3/Links?sourcePid=10.17182/hepdata.96561.v1/t10&targetPid=10.1103/physrevc.87.034911&relation=IsSupplementTo
10.6084/m9.figshare.c.3624485;10.1186/s12864-015-1865-x;IsSupplementTo;1;/v3/Links?sourcePid=10.6084/m9.figshare.c.3624485&targetPid=10.1186/s12864-015-1865-x&relation=IsSupplementTo
10.17182/hepdata.61769.v1/t11;10.1103/physrevlett.111.232302;IsSupplementTo;1;/v3/Links?sourcePid=10.17182/hepdata.61769.v1/t11&targetPid=10.1103/physrevlett.111.232302&relation=IsSupplementTo
10.17182/hepdata.61769.v1/t6;10.1103/physrevlett.111.232302;IsSupplementTo;1;/v3/Links?sourcePid=10.17182/hepdata.61769.v1/t6&targetPid=10.1103/physrevlett.111.232302&relation=IsSupplementTo
10.17182/hepdata.73941.v1;10.1103/physrevc.94.054908;IsSupplementTo;1;/v3/Links?sourcePid=10.17182/hepdata.73941.v1&targetPid=10.1103/physrevc.94.054908&relation=IsSupplementTo
10.6084/m9.figshare.11316950.v1;10.1364/aop.385184;IsSupplementTo;1;/v3/Links?sourcePid=10.6084/m9.figshare.11316950.v1&targetPid=10.1364/aop.385184&relation=IsSupplementTo
10.17182/hepdata.62306;10.1016/j.physletb.2012.10.049;IsSupplementTo;1;/v3/Links?sourcePid=10.17182/hepdata.62306&targetPid=10.1016/j.physletb.2012.10.049&relation=IsSupplementTo
10.17182/hepdata.62026.v1/t24;10.1103/physrevlett.107.032301;IsSupplementTo;1;/v3/Links?sourcePid=10.17182/hepdata.62026.v1/t24&targetPid=10.1103/physrevlett.107.032301&relation=IsSupplementTo
10.17182/hepdata.62026.v1/t27;10.1103/physrevlett.107.032301;IsSupplementTo;1;/v3/Links?sourcePid=10.17182/hepdata.62026.v1/t27&targetPid=10.1103/physrevlett.107.032301&relation=IsSupplementTo
10.17182/hepdata.89395.v1/t4;10.1016/j.physletb.2017.07.060;IsSupplementTo;1;/v3/Links?sourcePid=10.17182/hepdata.89395.v1/t4&targetPid=10.1016/j.physletb.2017.07.060&relation=IsSupplementTo
10.17182/hepdata.59733.v1;10.1103/physrevlett.109.112301;IsSupplementTo;1;/v3/Links?sourcePid=10.17182/hepdata.59733.v1&targetPid=10.1103/physrevlett.109.112301&relation=IsSupplementTo
10.17182/hepdata.61628.v1/t11;10.1016/j.physletb.2013.08.024;IsSupplementTo;1;/v3/Links?sourcePid=10.17182/hepdata.61628.v1/t11&targetPid=10.1016/j.physletb.2013.08.024&relation=IsSupplementTo
10.6084/m9.figshare.21600485.v1;10.1080/21505594.2022.2149973;IsSupplementTo;1;/v3/Links?sourcePid=10.6084/m9.figshare.21600485.v1&targetPid=10.1080/21505594.2022.2149973&relation=IsSupplementTo
10.17182/hepdata.31729.v1/t24;10.1103/physrevc.66.054902;IsSupplementTo;1;/v3/Links?sourcePid=10.17182/hepdata.31729.v1/t24&targetPid=10.1103/physrevc.66.054902&relation=IsSupplementTo
10.17182/hepdata.58676.v1/t7;10.1016/j.physletb.2012.01.063;IsSupplementTo;1;/v3/Links?sourcePid=10.17182/hepdata.58676.v1/t7&targetPid=10.1016/j.physletb.2012.01.063&relation=IsSupplementTo
10.17182/hepdata.60510.v1/t9;10.1103/physrevlett.110.012301;IsSupplementTo;1;/v3/Links?sourcePid=10.17182/hepdata.60510.v1/t9&targetPid=10.1103/physrevlett.110.012301&relation=IsSupplementTo
10.17182/hepdata.58523.v1/t25;10.1016/j.physletb.2012.01.060;IsSupplementTo;1;/v3/Links?sourcePid=10.17182/hepdata.58523.v1/t25&targetPid=10.1016/j.physletb.2012.01.060&relation=IsSupplementTo
10.17182/hepdata.58523.v1/t46;10.1016/j.physletb.2012.01.060;IsSupplementTo;1;/v3/Links?sourcePid=10.17182/hepdata.58523.v1/t46&targetPid=10.1016/j.physletb.2012.01.060&relation=IsSupplementTo
10.17182/hepdata.58899;10.1016/j.physletb.2012.05.015;IsSupplementTo;1;/v3/Links?sourcePid=10.17182/hepdata.58899&targetPid=10.1016/j.physletb.2012.05.015&relation=IsSupplementTo
10.17182/hepdata.58899.v1/t1;10.1016/j.physletb.2012.05.015;IsSupplementTo;1;/v3/Links?sourcePid=10.17182/hepdata.58899.v1/t1&targetPid=10.1016/j.physletb.2012.05.015&relation=IsSupplementTo
10.17182/hepdata.62723.v1/t16;10.1007/jhep03(2014)013;IsSupplementTo;1;/v3/Links?sourcePid=10.17182/hepdata.62723.v1/t16&targetPid=10.1007/jhep03(2014)013&relation=IsSupplementTo
10.17182/hepdata.62723.v1/t29;10.1007/jhep03(2014)013;IsSupplementTo;1;/v3/Links?sourcePid=10.17182/hepdata.62723.v1/t29&targetPid=10.1007/jhep03(2014)013&relation=IsSupplementTo
10.17182/hepdata.25767.v1/t4;10.1103/physrevc.58.247;IsSupplementTo;1;/v3/Links?sourcePid=10.17182/hepdata.25767.v1/t4&targetPid=10.1103/physrevc.58.247&relation=IsSupplementTo
10.17182/hepdata.25767.v1/t6;10.1103/physrevc.58.247;IsSupplementTo;1;/v3/Links?sourcePid=10.17182/hepdata.25767.v1/t6&targetPid=10.1103/physrevc.58.247&relation=IsSupplementTo
10.17182/hepdata.58492.v1/t1;10.1103/physrevc.83.061902;IsSupplementTo;1;/v3/Links?sourcePid=10.17182/hepdata.58492.v1/t1&targetPid=10.1103/physrevc.83.061902&relation=IsSupplementTo
10.17182/hepdata.76981;10.1103/physrevd.93.011102;IsSupplementTo;1;/v3/Links?sourcePid=10.17182/hepdata.76981&targetPid=10.1103/physrevd.93.011102&relation=IsSupplementTo
10.17182/hepdata.142077;10.1103/physrevc.87.034904;IsSupplementTo;1;/v3/Links?sourcePid=10.17182/hepdata.142077&targetPid=10.1103/physrevc.87.034904&relation=IsSupplementTo
10.17182/hepdata.77284.v1/t21;10.1038/nphys4111;IsSupplementTo;1;/v3/Links?sourcePid=10.17182/hepdata.77284.v1/t21&targetPid=10.1038/nphys4111&relation=IsSupplementTo
10.17182/hepdata.72256.v1/t20;10.1103/physrevc.92.054908;IsSupplementTo;1;/v3/Links?sourcePid=10.17182/hepdata.72256.v1/t20&targetPid=10.1103/physrevc.92.054908&relation=IsSupplementTo
10.17182/hepdata.73802.v1;10.1103/physrevlett.116.042001;IsSupplementTo;1;/v3/Links?sourcePid=10.17182/hepdata.73802.v1&targetPid=10.1103/physrevlett.116.042001&relation=IsSupplementTo
10.17182/hepdata.29992.v1/t12;10.1016/0370-2693(88)91161-6;IsSupplementTo;1;/v3/Links?sourcePid=10.17182/hepdata.29992.v1/t12&targetPid=10.1016/0370-2693(88)91161-6&relation=IsSupplementTo
10.17182/hepdata.29992.v1/t9;10.1016/0370-2693(88)91161-6;IsSupplementTo;1;/v3/Links?sourcePid=10.17182/hepdata.29992.v1/t9&targetPid=10.1016/0370-2693(88)91161-6&relation=IsSupplementTo
10.17182/hepdata.66872.v1/t4;10.1103/physrevc.91.034906;IsSupplementTo;1;/v3/Links?sourcePid=10.17182/hepdata.66872.v1/t4&targetPid=10.1103/physrevc.91.034906&relation=IsSupplementTo
10.5517/ccdc.csd.cc211s1y;10.1002/chem.201900348;IsSupplementTo;1;/v3/Links?sourcePid=10.5517/ccdc.csd.cc211s1y&targetPid=10.1002/chem.201900348&relation=IsSupplementTo
10.5517/ccp9s2t;10.1021/ic700464d;IsSupplementTo;1;/v3/Links?sourcePid=10.5517/ccp9s2t&targetPid=10.1021/ic700464d&relation=IsSupplementTo
10.17182/hepdata.53810.v1/t11;10.1103/physrevc.80.035208;IsSupplementTo;1;/v3/Links?sourcePid=10.17182/hepdata.53810.v1/t11&targetPid=10.1103/physrevc.80.035208&relation=IsSupplementTo
10.17182/hepdata.53810.v1/t40;10.1103/physrevc.80.035208;IsSupplementTo;1;/v3/Links?sourcePid=10.17182/hepdata.53810.v1/t40&targetPid=10.1103/physrevc.80.035208&relation=IsSupplementTo
10.5517/cc874n8;10.1002/ejic.200400640;IsSupplementTo;1;/v3/Links?sourcePid=10.5517/cc874n8&targetPid=10.1002/ejic.200400640&relation=IsSupplementTo
10.5517/ccdc.csd.cc21kzh3;10.1039/c9dt00399a;IsSupplementTo;1;/v3/Links?sourcePid=10.5517/ccdc.csd.cc21kzh3&targetPid=10.1039/c9dt00399a&relation=IsSupplementTo
10.1594/pangaea.889922;10.1029/2018jc014300;IsSupplementTo;1;/v3/Links?sourcePid=10.1594/pangaea.889922&targetPid=10.1029/2018jc014300&relation=IsSupplementTo
10.6084/m9.figshare.c.5022611.v1;10.1186/s12989-020-00355-1;IsSupplementTo;1;/v3/Links?sourcePid=10.6084/m9.figshare.c.5022611.v1&targetPid=10.1186/s12989-020-00355-1&relation=IsSupplementTo
10.17182/hepdata.50415.v1/t19;10.1016/j.astropartphys.2008.02.002;IsSupplementTo;1;/v3/Links?sourcePid=10.17182/hepdata.50415.v1/t19&targetPid=10.1016/j.astropartphys.2008.02.002&relation=IsSupplementTo
10.17182/hepdata.50415.v1/t4;10.1016/j.astropartphys.2008.02.002;IsSupplementTo;1;/v3/Links?sourcePid=10.17182/hepdata.50415.v1/t4&targetPid=10.1016/j.astropartphys.2008.02.002&relation=IsSupplementTo
10.5517/ccs31vr;10.1002/zaac.200900077;IsSupplementTo;1;/v3/Links?sourcePid=10.5517/ccs31vr&targetPid=10.1002/zaac.200900077&relation=IsSupplementTo
10.5517/ccrmqjl;10.1002/chem.200802060;IsSupplementTo;1;/v3/Links?sourcePid=10.5517/ccrmqjl&targetPid=10.1002/chem.200802060&relation=IsSupplementTo
10.5517/ccs34hh;10.1039/b901711a;IsSupplementTo;1;/v3/Links?sourcePid=10.5517/ccs34hh&targetPid=10.1039/b901711a&relation=IsSupplementTo
10.5517/ccdc.csd.cc1ztjfr;10.1002/anie.201805348;IsSupplementTo;1;/v3/Links?sourcePid=10.5517/ccdc.csd.cc1ztjfr&targetPid=10.1002/anie.201805348&relation=IsSupplementTo
10.5517/ccdc.csd.cc1lcwf8;10.1021/acs.inorgchem.5b02234;IsSupplementTo;1;/v3/Links?sourcePid=10.5517/ccdc.csd.cc1lcwf8&targetPid=10.1021/acs.inorgchem.5b02234&relation=IsSupplementTo
10.17182/hepdata.56262.v1/t15;10.1103/physrevd.82.114031;IsSupplementTo;1;/v3/Links?sourcePid=10.17182/hepdata.56262.v1/t15&targetPid=10.1103/physrevd.82.114031&relation=IsSupplementTo
10.5517/ccdc.csd.cc1mw58y;10.1021/acs.organomet.6b00523;IsSupplementTo;1;/v3/Links?sourcePid=10.5517/ccdc.csd.cc1mw58y&targetPid=10.1021/acs.organomet.6b00523&relation=IsSupplementTo
10.17182/hepdata.61735.v1/t1;10.1103/physrevlett.111.042003;IsSupplementTo;1;/v3/Links?sourcePid=10.17182/hepdata.61735.v1/t1&targetPid=10.1103/physrevlett.111.042003&relation=IsSupplementTo
10.1594/pangaea.872712;10.1016/j.seares.2016.12.002;IsSupplementTo;1;/v3/Links?sourcePid=10.1594/pangaea.872712&targetPid=10.1016/j.seares.2016.12.002&relation=IsSupplementTo
10.5517/cct1ndw;10.1021/ic901747w;IsSupplementTo;1;/v3/Links?sourcePid=10.5517/cct1ndw&targetPid=10.1021/ic901747w&relation=IsSupplementTo
10.5517/ccdc.csd.cc2j5nbq;10.1021/acs.organomet.4c00095;IsSupplementTo;1;/v3/Links?sourcePid=10.5517/ccdc.csd.cc2j5nbq&targetPid=10.1021/acs.organomet.4c00095&relation=IsSupplementTo
10.17182/hepdata.50531.v1/t9;10.1016/j.astropartphys.2008.07.007;IsSupplementTo;1;/v3/Links?sourcePid=10.17182/hepdata.50531.v1/t9&targetPid=10.1016/j.astropartphys.2008.07.007&relation=IsSupplementTo
10.5517/cc9ljt6;10.1021/ic050868w;IsSupplementTo;1;/v3/Links?sourcePid=10.5517/cc9ljt6&targetPid=10.1021/ic050868w&relation=IsSupplementTo
10.5517/ccdc.csd.cc25gxwg;10.1007/s10870-022-00939-z;IsSupplementTo;0;/v3/Links?sourcePid=10.5517/ccdc.csd.cc25gxwg&targetPid=10.1007/s10870-022-00939-z&relation=IsSupplementTo
10.5517/ccvkgjc;10.1002/hc.20679;IsSupplementTo;1;/v3/Links?sourcePid=10.5517/ccvkgjc&targetPid=10.1002/hc.20679&relation=IsSupplementTo
10.5517/ccvmpbg;10.1002/ejic.201100019;IsSupplementTo;1;/v3/Links?sourcePid=10.5517/ccvmpbg&targetPid=10.1002/ejic.201100019&relation=IsSupplementTo
10.5517/ccw48gq;10.1039/c2dt30175j;IsSupplementTo;1;/v3/Links?sourcePid=10.5517/ccw48gq&targetPid=10.1039/c2dt30175j&relation=IsSupplementTo
10.5517/cc8ljr3;10.1016/j.molcata.2005.12.044;IsSupplementTo;1;/v3/Links?sourcePid=10.5517/cc8ljr3&targetPid=10.1016/j.molcata.2005.12.044&relation=IsSupplementTo
10.5517/ccrq5m7;10.1039/b822235e;IsSupplementTo;1;/v3/Links?sourcePid=10.5517/ccrq5m7&targetPid=10.1039/b822235e&relation=IsSupplementTo
10.5517/ccdc.csd.cc24rht7;10.1021/acs.joc.0c00780;IsSupplementTo;1;/v3/Links?sourcePid=10.5517/ccdc.csd.cc24rht7&targetPid=10.1021/acs.joc.0c00780&relation=IsSupplementTo
10.6084/m9.figshare.4541113.v1;10.1080/0284186x.2016.1276621;IsSupplementTo;1;/v3/Links?sourcePid=10.6084/m9.figshare.4541113.v1&targetPid=10.1080/0284186x.2016.1276621&relation=IsSupplementTo
10.25505/fiz.icsd.cc28h3jf;10.1021/acs.inorgchem.1c02315;IsSupplementTo;1;/v3/Links?sourcePid=10.25505/fiz.icsd.cc28h3jf&targetPid=10.1021/acs.inorgchem.1c02315&relation=IsSupplementTo
10.17182/hepdata.62276.v1;10.1103/physrevlett.111.062002;IsSupplementTo;1;/v3/Links?sourcePid=10.17182/hepdata.62276.v1&targetPid=10.1103/physrevlett.111.062002&relation=IsSupplementTo
10.17182/hepdata.54193.v1/t53;10.1103/physrevc.80.065204;IsSupplementTo;1;/v3/Links?sourcePid=10.17182/hepdata.54193.v1/t53&targetPid=10.1103/physrevc.80.065204&relation=IsSupplementTo
10.17182/hepdata.51885.v1/t4;10.1103/physrevd.79.052008;IsSupplementTo;1;/v3/Links?sourcePid=10.17182/hepdata.51885.v1/t4&targetPid=10.1103/physrevd.79.052008&relation=IsSupplementTo
10.6084/m9.figshare.c.5172229.v1;10.1098/rspb.2020.1638;IsSupplementTo;1;/v3/Links?sourcePid=10.6084/m9.figshare.c.5172229.v1&targetPid=10.1098/rspb.2020.1638&relation=IsSupplementTo
10.5517/cc10xd8l;10.1021/om301011v;IsSupplementTo;1;/v3/Links?sourcePid=10.5517/cc10xd8l&targetPid=10.1021/om301011v&relation=IsSupplementTo
10.17182/hepdata.56641.v1;10.1103/physrevd.82.052002;IsSupplementTo;1;/v3/Links?sourcePid=10.17182/hepdata.56641.v1&targetPid=10.1103/physrevd.82.052002&relation=IsSupplementTo
10.1594/pangaea.788113;10.1144/sp344.17;IsSupplementTo;1;/v3/Links?sourcePid=10.1594/pangaea.788113&targetPid=10.1144/sp344.17&relation=IsSupplementTo
10.5517/ccdc.csd.cc27s86j;10.1021/jacs.1c04348;IsSupplementTo;1;/v3/Links?sourcePid=10.5517/ccdc.csd.cc27s86j&targetPid=10.1021/jacs.1c04348&relation=IsSupplementTo
10.5517/ccdc.csd.cc1q11ph;10.1002/cctc.201500980;IsSupplementTo;1;/v3/Links?sourcePid=10.5517/ccdc.csd.cc1q11ph&targetPid=10.1002/cctc.201500980&relation=IsSupplementTo
10.5517/ccwv11s;10.1021/ic300819u;IsSupplementTo;1;/v3/Links?sourcePid=10.5517/ccwv11s&targetPid=10.1021/ic300819u&relation=IsSupplementTo
10.5517/ccxpgnp;10.1021/ja307042z;IsSupplementTo;1;/v3/Links?sourcePid=10.5517/ccxpgnp&targetPid=10.1021/ja307042z&relation=IsSupplementTo
10.1594/pangaea.839344;10.1007/s00425-013-1982-1;IsSupplementTo;1;/v3/Links?sourcePid=10.1594/pangaea.839344&targetPid=10.1007/s00425-013-1982-1&relation=IsSupplementTo
10.5517/cc767qc;10.1002/ejic.200300774;IsSupplementTo;1;/v3/Links?sourcePid=10.5517/cc767qc&targetPid=10.1002/ejic.200300774&relation=IsSupplementTo
10.6084/m9.figshare.c.5172371;10.1144/jgs2020-104;IsSupplementTo;1;/v3/Links?sourcePid=10.6084/m9.figshare.c.5172371&targetPid=10.1144/jgs2020-104&relation=IsSupplementTo
10.5517/cctm8nb;10.1016/j.ica.2010.04.035;IsSupplementTo;1;/v3/Links?sourcePid=10.5517/cctm8nb&targetPid=10.1016/j.ica.2010.04.035&relation=IsSupplementTo
10.1594/pangaea.893199;10.1175/jpo-d-18-0064.1;IsSupplementTo;1;/v3/Links?sourcePid=10.1594/pangaea.893199&targetPid=10.1175/jpo-d-18-0064.1&relation=IsSupplementTo
10.5517/ccdc.csd.cc1nllf8;10.1021/acs.inorgchem.7b01495;IsSupplementTo;1;/v3/Links?sourcePid=10.5517/ccdc.csd.cc1nllf8&targetPid=10.1021/acs.inorgchem.7b01495&relation=IsSupplementTo
10.5517/cctprgp;10.1039/c003042b;IsSupplementTo;1;/v3/Links?sourcePid=10.5517/cctprgp&targetPid=10.1039/c003042b&relation=IsSupplementTo
10.5517/ccdc.csd.cc10xs5w;10.1055/s-0036-1588179;IsSupplementTo;1;/v3/Links?sourcePid=10.5517/ccdc.csd.cc10xs5w&targetPid=10.1055/s-0036-1588179&relation=IsSupplementTo
10.5517/ccdc.csd.cc1ngx23;10.1055/s-0036-1588179;IsSupplementTo;1;/v3/Links?sourcePid=10.5517/ccdc.csd.cc1ngx23&targetPid=10.1055/s-0036-1588179&relation=IsSupplementTo
10.17182/hepdata.56498.v1/t3;10.1103/physrevc.82.045208;IsSupplementTo;1;/v3/Links?sourcePid=10.17182/hepdata.56498.v1/t3&targetPid=10.1103/physrevc.82.045208&relation=IsSupplementTo
10.5517/ccdc.csd.cc2b0htp;10.1021/acs.inorgchem.3c01045;IsSupplementTo;1;/v3/Links?sourcePid=10.5517/ccdc.csd.cc2b0htp&targetPid=10.1021/acs.inorgchem.3c01045&relation=IsSupplementTo
10.1594/pangaea.785298;10.1007/s00300-012-1223-2;IsSupplementTo;1;/v3/Links?sourcePid=10.1594/pangaea.785298&targetPid=10.1007/s00300-012-1223-2&relation=IsSupplementTo
10.5517/ccdc.csd.cc2grbrb;10.1021/acs.inorgchem.3c03074;IsSupplementTo;0;/v3/Links?sourcePid=10.5517/ccdc.csd.cc2grbrb&targetPid=10.1021/acs.inorgchem.3c03074&relation=IsSupplementTo
10.5517/cc9c9zx;10.1002/chem.200901865;IsSupplementTo;1;/v3/Links?sourcePid=10.5517/cc9c9zx&targetPid=10.1002/chem.200901865&relation=IsSupplementTo
10.17182/hepdata.70787.v1/t2;10.1103/physrevd.92.092009;IsSupplementTo;1;/v3/Links?sourcePid=10.17182/hepdata.70787.v1/t2&targetPid=10.1103/physrevd.92.092009&relation=IsSupplementTo
10.5517/cczcck7;10.1002/chem.201204366;IsSupplementTo;1;/v3/Links?sourcePid=10.5517/cczcck7&targetPid=10.1002/chem.201204366&relation=IsSupplementTo
10.17182/hepdata.79666.v1/t8;10.1103/physrevlett.120.142302;IsSupplementTo;1;/v3/Links?sourcePid=10.17182/hepdata.79666.v1/t8&targetPid=10.1103/physrevlett.120.142302&relation=IsSupplementTo
10.5517/ccrv1wh;10.1002/zaac.200801366;IsSupplementTo;1;/v3/Links?sourcePid=10.5517/ccrv1wh&targetPid=10.1002/zaac.200801366&relation=IsSupplementTo
10.5517/ccvw821;10.1055/s-0030-1259327;IsSupplementTo;1;/v3/Links?sourcePid=10.5517/ccvw821&targetPid=10.1055/s-0030-1259327&relation=IsSupplementTo
10.5517/ccz2jcx;10.1039/c2cc36741f;IsSupplementTo;1;/v3/Links?sourcePid=10.5517/ccz2jcx&targetPid=10.1039/c2cc36741f&relation=IsSupplementTo
10.5517/ccdc.csd.cc1qbqqh;10.1002/chem.201705757;IsSupplementTo;1;/v3/Links?sourcePid=10.5517/ccdc.csd.cc1qbqqh&targetPid=10.1002/chem.201705757&relation=IsSupplementTo
10.1594/pangaea.818320;10.2312/bzp_0123_1993;IsSupplementTo;1;/v3/Links?sourcePid=10.1594/pangaea.818320&targetPid=10.2312/bzp_0123_1993&relation=IsSupplementTo
10.5517/cc8061h;10.1021/ic801142p;IsSupplementTo;1;/v3/Links?sourcePid=10.5517/cc8061h&targetPid=10.1021/ic801142p&relation=IsSupplementTo
10.17182/hepdata.52674.v1/t1;10.1016/j.physletb.2010.06.043;IsSupplementTo;1;/v3/Links?sourcePid=10.17182/hepdata.52674.v1/t1&targetPid=10.1016/j.physletb.2010.06.043&relation=IsSupplementTo
10.5517/ccdc.csd.cc1zwn1k;10.1002/zaac.201800220;IsSupplementTo;1;/v3/Links?sourcePid=10.5517/ccdc.csd.cc1zwn1k&targetPid=10.1002/zaac.201800220&relation=IsSupplementTo
10.5517/ccdc.csd.cc1mr8c0;10.1002/adsc.201601289;IsSupplementTo;1;/v3/Links?sourcePid=10.5517/ccdc.csd.cc1mr8c0&targetPid=10.1002/adsc.201601289&relation=IsSupplementTo
10.5517/ccpjdwg;10.1016/j.ica.2007.06.035;IsSupplementTo;1;/v3/Links?sourcePid=10.5517/ccpjdwg&targetPid=10.1016/j.ica.2007.06.035&relation=IsSupplementTo
10.17182/hepdata.60522.v1/t2;10.1103/physrevd.86.052010;IsSupplementTo;1;/v3/Links?sourcePid=10.17182/hepdata.60522.v1/t2&targetPid=10.1103/physrevd.86.052010&relation=IsSupplementTo
10.6084/m9.figshare.c.3846295;10.1364/oe.26.003579;IsSupplementTo;1;/v3/Links?sourcePid=10.6084/m9.figshare.c.3846295&targetPid=10.1364/oe.26.003579&relation=IsSupplementTo
10.5517/ccdc.csd.cc1ns6l7;10.1002/chem.201702989;IsSupplementTo;1;/v3/Links?sourcePid=10.5517/ccdc.csd.cc1ns6l7&targetPid=10.1002/chem.201702989&relation=IsSupplementTo
10.5517/ccdc.csd.cc2008x7;10.1002/ejic.201801178;IsSupplementTo;1;/v3/Links?sourcePid=10.5517/ccdc.csd.cc2008x7&targetPid=10.1002/ejic.201801178&relation=IsSupplementTo
10.5517/cctlycp;10.1021/ic100310w;IsSupplementTo;1;/v3/Links?sourcePid=10.5517/cctlycp&targetPid=10.1021/ic100310w&relation=IsSupplementTo
10.5517/ccp86sx;10.1021/ic700528a;IsSupplementTo;1;/v3/Links?sourcePid=10.5517/ccp86sx&targetPid=10.1021/ic700528a&relation=IsSupplementTo
10.5517/ccp86ty;10.1021/ic700528a;IsSupplementTo;1;/v3/Links?sourcePid=10.5517/ccp86ty&targetPid=10.1021/ic700528a&relation=IsSupplementTo
10.5517/ccdc.csd.cc1nz1pc;10.1021/acs.cgd.7b00648;IsSupplementTo;1;/v3/Links?sourcePid=10.5517/ccdc.csd.cc1nz1pc&targetPid=10.1021/acs.cgd.7b00648&relation=IsSupplementTo
10.5517/cc14gf9b;10.1002/ejic.201500703;IsSupplementTo;1;/v3/Links?sourcePid=10.5517/cc14gf9b&targetPid=10.1002/ejic.201500703&relation=IsSupplementTo
10.5517/cc101zxy;10.1021/om300309b;IsSupplementTo;1;/v3/Links?sourcePid=10.5517/cc101zxy&targetPid=10.1021/om300309b&relation=IsSupplementTo
10.5517/cc9bt8p;10.1002/anie.200502505;IsSupplementTo;1;/v3/Links?sourcePid=10.5517/cc9bt8p&targetPid=10.1002/anie.200502505&relation=IsSupplementTo
10.5517/cc9jdw2;10.1002/ejic.200500902;IsSupplementTo;1;/v3/Links?sourcePid=10.5517/cc9jdw2&targetPid=10.1002/ejic.200500902&relation=IsSupplementTo
10.17182/hepdata.70728.v1/t1;10.1103/physrevc.89.025205;IsSupplementTo;1;/v3/Links?sourcePid=10.17182/hepdata.70728.v1/t1&targetPid=10.1103/physrevc.89.025205&relation=IsSupplementTo
10.5517/ccn5x6x;10.1021/ic050587o;IsSupplementTo;1;/v3/Links?sourcePid=10.5517/ccn5x6x&targetPid=10.1021/ic050587o&relation=IsSupplementTo
10.5517/ccvrmbj;10.1039/c2dt11840h;IsSupplementTo;1;/v3/Links?sourcePid=10.5517/ccvrmbj&targetPid=10.1039/c2dt11840h&relation=IsSupplementTo
10.5517/ccdc.csd.cc1287h2;10.1021/jp503271h;IsSupplementTo;1;/v3/Links?sourcePid=10.5517/ccdc.csd.cc1287h2&targetPid=10.1021/jp503271h&relation=IsSupplementTo
10.5880/fidgeo.2020.036;10.1109/whispers.2019.8921073;IsSupplementTo;1;/v3/Links?sourcePid=10.5880/fidgeo.2020.036&targetPid=10.1109/whispers.2019.8921073&relation=IsSupplementTo
10.5517/ccnhtlj;10.1039/b716098d;IsSupplementTo;1;/v3/Links?sourcePid=10.5517/ccnhtlj&targetPid=10.1039/b716098d&relation=IsSupplementTo
10.5517/ccq96fm;10.1039/b715947a;IsSupplementTo;1;/v3/Links?sourcePid=10.5517/ccq96fm&targetPid=10.1039/b715947a&relation=IsSupplementTo
10.5517/ccq96hp;10.1039/b715947a;IsSupplementTo;1;/v3/Links?sourcePid=10.5517/ccq96hp&targetPid=10.1039/b715947a&relation=IsSupplementTo
10.1594/pangaea.911231;10.1029/2019pa003722;IsSupplementTo;1;/v3/Links?sourcePid=10.1594/pangaea.911231&targetPid=10.1029/2019pa003722&relation=IsSupplementTo
10.1594/pangaea.968492;10.1016/j.hal.2024.102705;IsSupplementTo;1;/v3/Links?sourcePid=10.1594/pangaea.968492&targetPid=10.1016/j.hal.2024.102705&relation=IsSupplementTo
10.17182/hepdata.51527.v1/t9;10.1140/epjc/s10052-007-0361-0;IsSupplementTo;1;/v3/Links?sourcePid=10.17182/hepdata.51527.v1/t9&targetPid=10.1140/epjc/s10052-007-0361-0&relation=IsSupplementTo
10.6084/m9.figshare.7325510;10.1186/s10152-018-0520-8;IsSupplementTo;1;/v3/Links?sourcePid=10.6084/m9.figshare.7325510&targetPid=10.1186/s10152-018-0520-8&relation=IsSupplementTo
10.5517/cct1904;10.1039/c2dt11853j;IsSupplementTo;1;/v3/Links?sourcePid=10.5517/cct1904&targetPid=10.1039/c2dt11853j&relation=IsSupplementTo
10.5517/ccrh58n;10.1021/ic801795x;IsSupplementTo;1;/v3/Links?sourcePid=10.5517/ccrh58n&targetPid=10.1021/ic801795x&relation=IsSupplementTo
10.5517/ccn6rcy;10.1016/j.jorganchem.2006.05.050;IsSupplementTo;1;/v3/Links?sourcePid=10.5517/ccn6rcy&targetPid=10.1016/j.jorganchem.2006.05.050&relation=IsSupplementTo
10.25384/sage.c.4425686;10.1177/1354068817700532;IsSupplementTo;1;/v3/Links?sourcePid=10.25384/sage.c.4425686&targetPid=10.1177/1354068817700532&relation=IsSupplementTo
10.17182/hepdata.51401.v1/t25;10.1140/epjc/s10052-007-0475-4;IsSupplementTo;1;/v3/Links?sourcePid=10.17182/hepdata.51401.v1/t25&targetPid=10.1140/epjc/s10052-007-0475-4&relation=IsSupplementTo
10.14272/hjkdehietwuanj-uhfffaoysa-n/mass/ei;10.1021/ol403313h;IsSupplementTo;1;/v3/Links?sourcePid=10.14272/hjkdehietwuanj-uhfffaoysa-n/mass/ei&targetPid=10.1021/ol403313h&relation=IsSupplementTo
10.14272/qzbjjxmitfwmss-uhfffaoysa-n/tlc;10.1021/ol403313h;IsSupplementTo;1;/v3/Links?sourcePid=10.14272/qzbjjxmitfwmss-uhfffaoysa-n/tlc&targetPid=10.1021/ol403313h&relation=IsSupplementTo
10.14272/vtscpsvboxkmai-uhfffaoysa-n/ir.1;10.1021/ol403313h;IsSupplementTo;1;/v3/Links?sourcePid=10.14272/vtscpsvboxkmai-uhfffaoysa-n/ir.1&targetPid=10.1021/ol403313h&relation=IsSupplementTo
10.14272/ybwhvxdrvwgcno-uhfffaoysa-n/tlc;10.1021/ol403313h;IsSupplementTo;1;/v3/Links?sourcePid=10.14272/ybwhvxdrvwgcno-uhfffaoysa-n/tlc&targetPid=10.1021/ol403313h&relation=IsSupplementTo
10.5517/cc6dwr6;10.1021/ic011252j;IsSupplementTo;1;/v3/Links?sourcePid=10.5517/cc6dwr6&targetPid=10.1021/ic011252j&relation=IsSupplementTo
10.17632/zhch5y2wyk.1;10.1016/j.jmsy.2019.11.012;IsSupplementTo;1;/v3/Links?sourcePid=10.17632/zhch5y2wyk.1&targetPid=10.1016/j.jmsy.2019.11.012&relation=IsSupplementTo
10.5517/ccv77v4;10.1002/chem.201002510;IsSupplementTo;1;/v3/Links?sourcePid=10.5517/ccv77v4&targetPid=10.1002/chem.201002510&relation=IsSupplementTo
10.5517/ccv77w5;10.1002/chem.201002510;IsSupplementTo;1;/v3/Links?sourcePid=10.5517/ccv77w5&targetPid=10.1002/chem.201002510&relation=IsSupplementTo
10.6084/m9.figshare.1202160;10.1080/09670262.2014.956800;IsSupplementTo;1;/v3/Links?sourcePid=10.6084/m9.figshare.1202160&targetPid=10.1080/09670262.2014.956800&relation=IsSupplementTo
10.5517/ccdc.csd.cc25rp8x;10.1016/j.matt.2022.07.009;IsSupplementTo;1;/v3/Links?sourcePid=10.5517/ccdc.csd.cc25rp8x&targetPid=10.1016/j.matt.2022.07.009&relation=IsSupplementTo
10.5517/ccn8fnz;10.1002/ejic.200700129;IsSupplementTo;1;/v3/Links?sourcePid=10.5517/ccn8fnz&targetPid=10.1002/ejic.200700129&relation=IsSupplementTo
10.5517/ccdc.csd.cc1pjrhg;10.1016/j.jorganchem.2017.09.023;IsSupplementTo;1;/v3/Links?sourcePid=10.5517/ccdc.csd.cc1pjrhg&targetPid=10.1016/j.jorganchem.2017.09.023&relation=IsSupplementTo
10.5517/ccs1sdz;10.1016/j.molstruc.2009.05.021;IsSupplementTo;1;/v3/Links?sourcePid=10.5517/ccs1sdz&targetPid=10.1016/j.molstruc.2009.05.021&relation=IsSupplementTo
10.5517/ccxlb71;10.1002/hc.21028;IsSupplementTo;1;/v3/Links?sourcePid=10.5517/ccxlb71&targetPid=10.1002/hc.21028&relation=IsSupplementTo
10.5517/ccxr3vl;10.1002/hc.21028;IsSupplementTo;1;/v3/Links?sourcePid=10.5517/ccxr3vl&targetPid=10.1002/hc.21028&relation=IsSupplementTo
10.5517/ccw5pf4;10.1021/ic902346u;IsSupplementTo;1;/v3/Links?sourcePid=10.5517/ccw5pf4&targetPid=10.1021/ic902346u&relation=IsSupplementTo
10.5517/ccvwjrz;10.1021/ic901629k;IsSupplementTo;1;/v3/Links?sourcePid=10.5517/ccvwjrz&targetPid=10.1021/ic901629k&relation=IsSupplementTo
10.25505/fiz.icsd.cc23g09x;10.1515/znb-2019-0190;IsSupplementTo;1;/v3/Links?sourcePid=10.25505/fiz.icsd.cc23g09x&targetPid=10.1515/znb-2019-0190&relation=IsSupplementTo
10.5517/ccsky6g;10.1002/hlca.200900192;IsSupplementTo;1;/v3/Links?sourcePid=10.5517/ccsky6g&targetPid=10.1002/hlca.200900192&relation=IsSupplementTo
