Dataset_PID;Literature_PID;links_in_scholix;url_to_scholix
10.5880/riesgos.2021.007;10.5194/nhess-21-3599-2021;1;/v3/Links?sourcePid=10.5880/riesgos.2021.007&targetPid=10.5194/nhess-21-3599-2021
2411800373;10.1016/j.epsl.2012.06.050;0;/v3/Links?sourcePid=2411800373&targetPid=10.1016/j.epsl.2012.06.050
3195009065;10.1016/j.quascirev.2020.106715;0;/v3/Links?sourcePid=3195009065&targetPid=10.1016/j.quascirev.2020.106715
6frg;10.1039/c8sc01074a;1;/v3/Links?sourcePid=6frg&targetPid=10.1039/c8sc01074a
6r35;10.1016/j.ejmech.2019.05.049;1;/v3/Links?sourcePid=6r35&targetPid=10.1016/j.ejmech.2019.05.049
3c0n;10.1038/nchembio.1312;1;/v3/Links?sourcePid=3c0n&targetPid=10.1038/nchembio.1312
10.5281/zenodo.7563417;10.1186/s13059-023-02919-8;1;/v3/Links?sourcePid=10.5281/zenodo.7563417&targetPid=10.1186/s13059-023-02919-8
7vhp;10.1038/s41422-021-00605-7;0;/v3/Links?sourcePid=7vhp&targetPid=10.1038/s41422-021-00605-7
10.17632/jktyjvy9hg;10.1016/j.molcel.2018.08.042;1;/v3/Links?sourcePid=10.17632/jktyjvy9hg&targetPid=10.1016/j.molcel.2018.08.042
10.6084/m9.figshare.c.3675778_d4;10.1186/s13073-017-0399-z;1;/v3/Links?sourcePid=10.6084/m9.figshare.c.3675778_d4&targetPid=10.1186/s13073-017-0399-z
3q4t;10.1074/jbc.m114.604397;1;/v3/Links?sourcePid=3q4t&targetPid=10.1074/jbc.m114.604397
10.25505/fiz.icsd.cc11pkr1;10.1021/ic401516m;0;/v3/Links?sourcePid=10.25505/fiz.icsd.cc11pkr1&targetPid=10.1021/ic401516m
2582554733;10.1029/2002pa000780;0;/v3/Links?sourcePid=2582554733&targetPid=10.1029/2002pa000780
10.13018/bmr30307;10.1002/cbic.201700437;1;/v3/Links?sourcePid=10.13018/bmr30307&targetPid=10.1002/cbic.201700437
2775741846;10.1186/s13059-016-1013-1;0;/v3/Links?sourcePid=2775741846&targetPid=10.1186/s13059-016-1013-1
5o1b;10.1016/j.ejmech.2018.04.035;1;/v3/Links?sourcePid=5o1b&targetPid=10.1016/j.ejmech.2018.04.035
7u59;10.1002/cbic.202200180;0;/v3/Links?sourcePid=7u59&targetPid=10.1002/cbic.202200180
10.17632/8pbwp5yn63;10.1016/j.marpol.2019.103521;1;/v3/Links?sourcePid=10.17632/8pbwp5yn63&targetPid=10.1016/j.marpol.2019.103521
2754238032;10.1016/j.margeo.2011.08.003;0;/v3/Links?sourcePid=2754238032&targetPid=10.1016/j.margeo.2011.08.003
2401845653;10.1007/s10811-015-0563-z;0;/v3/Links?sourcePid=2401845653&targetPid=10.1007/s10811-015-0563-z
2947018844;10.1186/s10152-018-0513-7;0;/v3/Links?sourcePid=2947018844&targetPid=10.1186/s10152-018-0513-7
2728683026;10.3289/geomar_rep_ns_8_2013;0;/v3/Links?sourcePid=2728683026&targetPid=10.3289/geomar_rep_ns_8_2013
5n5b;10.1038/s41467-017-02230-8;1;/v3/Links?sourcePid=5n5b&targetPid=10.1038/s41467-017-02230-8
2343201852;10.1029/2008pa001636;0;/v3/Links?sourcePid=2343201852&targetPid=10.1029/2008pa001636
5l5c;10.1016/j.neuron.2016.06.018;1;/v3/Links?sourcePid=5l5c&targetPid=10.1016/j.neuron.2016.06.018
10.17182/hepdata.115142.v1/t735;10.3204/pubdb-2022-07163;1;/v3/Links?sourcePid=10.17182/hepdata.115142.v1/t735&targetPid=10.3204/pubdb-2022-07163
10.17182/hepdata.114366.v1/t1;10.3204/pubdb-2022-04089;1;/v3/Links?sourcePid=10.17182/hepdata.114366.v1/t1&targetPid=10.3204/pubdb-2022-04089
10.17182/hepdata.91374.v2/t90;10.3204/pubdb-2019-05273;0;/v3/Links?sourcePid=10.17182/hepdata.91374.v2/t90&targetPid=10.3204/pubdb-2019-05273
10.5281/zenodo.1284241;10.3204/pubdb-2019-01838;1;/v3/Links?sourcePid=10.5281/zenodo.1284241&targetPid=10.3204/pubdb-2019-01838
10.17182/hepdata.86140.v1/t10;10.3204/pubdb-2018-04200;0;/v3/Links?sourcePid=10.17182/hepdata.86140.v1/t10&targetPid=10.3204/pubdb-2018-04200
10.17182/hepdata.141286.v1/t13;10.3204/pubdb-2023-04967;1;/v3/Links?sourcePid=10.17182/hepdata.141286.v1/t13&targetPid=10.3204/pubdb-2023-04967
10.17182/hepdata.141286.v1/t30;10.3204/pubdb-2023-04967;1;/v3/Links?sourcePid=10.17182/hepdata.141286.v1/t30&targetPid=10.3204/pubdb-2023-04967
7arr;10.1039/d1cc02192c;1;/v3/Links?sourcePid=7arr&targetPid=10.1039/d1cc02192c
10.17182/hepdata.89413.v1/t62;10.3204/pubdb-2020-02638;1;/v3/Links?sourcePid=10.17182/hepdata.89413.v1/t62&targetPid=10.3204/pubdb-2020-02638
10.17182/hepdata.89413.v2/t88;10.3204/pubdb-2020-02638;1;/v3/Links?sourcePid=10.17182/hepdata.89413.v2/t88&targetPid=10.3204/pubdb-2020-02638
10.17182/hepdata.89413.v3/t12;10.3204/pubdb-2020-02638;1;/v3/Links?sourcePid=10.17182/hepdata.89413.v3/t12&targetPid=10.3204/pubdb-2020-02638
10.17182/hepdata.89413.v4/t145;10.3204/pubdb-2020-02638;1;/v3/Links?sourcePid=10.17182/hepdata.89413.v4/t145&targetPid=10.3204/pubdb-2020-02638
10.17182/hepdata.100163.v2/t13;10.3204/pubdb-2020-04657;1;/v3/Links?sourcePid=10.17182/hepdata.100163.v2/t13&targetPid=10.3204/pubdb-2020-04657
10.17182/hepdata.135972.v1/t54;10.3204/pubdb-2023-05107;1;/v3/Links?sourcePid=10.17182/hepdata.135972.v1/t54&targetPid=10.3204/pubdb-2023-05107
10.17182/hepdata.88348.v1/t1;10.3204/pubdb-2019-02153;1;/v3/Links?sourcePid=10.17182/hepdata.88348.v1/t1&targetPid=10.3204/pubdb-2019-02153
10.17182/hepdata.140341.v1/t43;10.3204/pubdb-2023-06486;1;/v3/Links?sourcePid=10.17182/hepdata.140341.v1/t43&targetPid=10.3204/pubdb-2023-06486
10.5517/ccdc.csd.cc2b51wg;10.3204/pubdb-2024-01961;0;/v3/Links?sourcePid=10.5517/ccdc.csd.cc2b51wg&targetPid=10.3204/pubdb-2024-01961
10.17182/hepdata.95747.v1/t2;10.3204/pubdb-2022-00645;0;/v3/Links?sourcePid=10.17182/hepdata.95747.v1/t2&targetPid=10.3204/pubdb-2022-00645
6xwg;10.3204/pubdb-2020-03256;1;/v3/Links?sourcePid=6xwg&targetPid=10.3204/pubdb-2020-03256
10.17182/hepdata.145758.v1/t11;10.3204/pubdb-2024-05339;1;/v3/Links?sourcePid=10.17182/hepdata.145758.v1/t11&targetPid=10.3204/pubdb-2024-05339
10.17182/hepdata.145758.v1/t52;10.3204/pubdb-2024-05339;1;/v3/Links?sourcePid=10.17182/hepdata.145758.v1/t52&targetPid=10.3204/pubdb-2024-05339
10.17182/hepdata.145758.v1/t78;10.3204/pubdb-2024-05339;1;/v3/Links?sourcePid=10.17182/hepdata.145758.v1/t78&targetPid=10.3204/pubdb-2024-05339
10.17182/hepdata.149530.v1/t28;10.3204/pubdb-2024-05526;1;/v3/Links?sourcePid=10.17182/hepdata.149530.v1/t28&targetPid=10.3204/pubdb-2024-05526
10.17182/hepdata.149530.v1/t34;10.3204/pubdb-2024-05526;1;/v3/Links?sourcePid=10.17182/hepdata.149530.v1/t34&targetPid=10.3204/pubdb-2024-05526
10.17182/hepdata.100351.v1/t4;10.3204/pubdb-2021-05473;1;/v3/Links?sourcePid=10.17182/hepdata.100351.v1/t4&targetPid=10.3204/pubdb-2021-05473
10.17182/hepdata.100351.v2/t44;10.3204/pubdb-2021-05473;1;/v3/Links?sourcePid=10.17182/hepdata.100351.v2/t44&targetPid=10.3204/pubdb-2021-05473
10.17182/hepdata.89874.v1/t34;10.3204/pubdb-2020-04586;1;/v3/Links?sourcePid=10.17182/hepdata.89874.v1/t34&targetPid=10.3204/pubdb-2020-04586
10.17182/hepdata.89874.v1/t38;10.3204/pubdb-2020-04586;1;/v3/Links?sourcePid=10.17182/hepdata.89874.v1/t38&targetPid=10.3204/pubdb-2020-04586
10.17182/hepdata.89937.v2/t11;10.3204/pubdb-2022-06635;1;/v3/Links?sourcePid=10.17182/hepdata.89937.v2/t11&targetPid=10.3204/pubdb-2022-06635
10.17182/hepdata.140801.v1/t17;10.3204/pubdb-2023-04964;1;/v3/Links?sourcePid=10.17182/hepdata.140801.v1/t17&targetPid=10.3204/pubdb-2023-04964
10.17182/hepdata.102954.v1/t6;10.3204/pubdb-2021-02954;0;/v3/Links?sourcePid=10.17182/hepdata.102954.v1/t6&targetPid=10.3204/pubdb-2021-02954
10.17182/hepdata.114866.v1/t36;10.3204/pubdb-2021-05276;1;/v3/Links?sourcePid=10.17182/hepdata.114866.v1/t36&targetPid=10.3204/pubdb-2021-05276
10.17182/hepdata.91404.v1/t16;10.3204/pubdb-2018-05790;1;/v3/Links?sourcePid=10.17182/hepdata.91404.v1/t16&targetPid=10.3204/pubdb-2018-05790
10.17182/hepdata.100161.v1/t3;10.3204/pubdb-2021-04126;0;/v3/Links?sourcePid=10.17182/hepdata.100161.v1/t3&targetPid=10.3204/pubdb-2021-04126
10.17182/hepdata.90837.v1/t15;10.3204/pubdb-2020-00997;1;/v3/Links?sourcePid=10.17182/hepdata.90837.v1/t15&targetPid=10.3204/pubdb-2020-00997
10.17182/hepdata.116034.v1/t124;10.3204/pubdb-2023-03996;1;/v3/Links?sourcePid=10.17182/hepdata.116034.v1/t124&targetPid=10.3204/pubdb-2023-03996
10.17182/hepdata.116034.v1/t9;10.3204/pubdb-2023-03996;1;/v3/Links?sourcePid=10.17182/hepdata.116034.v1/t9&targetPid=10.3204/pubdb-2023-03996
10.17182/hepdata.81626.v1/t38;10.3204/pubdb-2018-04656;1;/v3/Links?sourcePid=10.17182/hepdata.81626.v1/t38&targetPid=10.3204/pubdb-2018-04656
10.17182/hepdata.85768.v1/t28;10.3204/pubdb-2019-02068;1;/v3/Links?sourcePid=10.17182/hepdata.85768.v1/t28&targetPid=10.3204/pubdb-2019-02068
10.17182/hepdata.97041.v1/t251;10.3204/pubdb-2022-00643;1;/v3/Links?sourcePid=10.17182/hepdata.97041.v1/t251&targetPid=10.3204/pubdb-2022-00643
5drs;10.3204/pubdb-2018-05481;0;/v3/Links?sourcePid=5drs&targetPid=10.3204/pubdb-2018-05481
2hak;10.1074/jbc.m604865200;1;/v3/Links?sourcePid=2hak&targetPid=10.1074/jbc.m604865200
10.17182/hepdata.137762.v1/t29;10.3204/pubdb-2023-04067;1;/v3/Links?sourcePid=10.17182/hepdata.137762.v1/t29&targetPid=10.3204/pubdb-2023-04067
10.17182/hepdata.137762.v1/t87;10.3204/pubdb-2023-04067;1;/v3/Links?sourcePid=10.17182/hepdata.137762.v1/t87&targetPid=10.3204/pubdb-2023-04067
10.17182/hepdata.133620.v1/t15;10.3204/pubdb-2022-05075;1;/v3/Links?sourcePid=10.17182/hepdata.133620.v1/t15&targetPid=10.3204/pubdb-2022-05075
10.17182/hepdata.91160.v1/t159;10.3204/pubdb-2020-02646;0;/v3/Links?sourcePid=10.17182/hepdata.91160.v1/t159&targetPid=10.3204/pubdb-2020-02646
10.17182/hepdata.91160.v1/t376;10.3204/pubdb-2020-02646;0;/v3/Links?sourcePid=10.17182/hepdata.91160.v1/t376&targetPid=10.3204/pubdb-2020-02646
10.17182/hepdata.102798.v1/t16;10.3204/pubdb-2021-03986;1;/v3/Links?sourcePid=10.17182/hepdata.102798.v1/t16&targetPid=10.3204/pubdb-2021-03986
10.17182/hepdata.111308.v1/t1905;10.3204/pubdb-2022-01108;1;/v3/Links?sourcePid=10.17182/hepdata.111308.v1/t1905&targetPid=10.3204/pubdb-2022-01108
10.17182/hepdata.111308.v1/t546;10.3204/pubdb-2022-01108;1;/v3/Links?sourcePid=10.17182/hepdata.111308.v1/t546&targetPid=10.3204/pubdb-2022-01108
10.17182/hepdata.91969.v1/t12;10.3204/pubdb-2019-04458;1;/v3/Links?sourcePid=10.17182/hepdata.91969.v1/t12&targetPid=10.3204/pubdb-2019-04458
10.17182/hepdata.129623.v1/t7;10.3204/pubdb-2022-07195;1;/v3/Links?sourcePid=10.17182/hepdata.129623.v1/t7&targetPid=10.3204/pubdb-2022-07195
6tdp;10.3204/pubdb-2020-04298;1;/v3/Links?sourcePid=6tdp&targetPid=10.3204/pubdb-2020-04298
10.17182/hepdata.78930.v1/t2;10.3204/pubdb-2018-02419;0;/v3/Links?sourcePid=10.17182/hepdata.78930.v1/t2&targetPid=10.3204/pubdb-2018-02419
10.17182/hepdata.79057.v1/t32;10.3204/pubdb-2017-13861;1;/v3/Links?sourcePid=10.17182/hepdata.79057.v1/t32&targetPid=10.3204/pubdb-2017-13861
10.17182/hepdata.115577.v2/t25;10.3204/pubdb-2022-00913;1;/v3/Links?sourcePid=10.17182/hepdata.115577.v2/t25&targetPid=10.3204/pubdb-2022-00913
10.17182/hepdata.115577.v2/t7;10.3204/pubdb-2022-00913;1;/v3/Links?sourcePid=10.17182/hepdata.115577.v2/t7&targetPid=10.3204/pubdb-2022-00913
10.17182/hepdata.131524.v1/t48;10.3204/pubdb-2024-05293;0;/v3/Links?sourcePid=10.17182/hepdata.131524.v1/t48&targetPid=10.3204/pubdb-2024-05293
10.17182/hepdata.131524.v1/t64;10.3204/pubdb-2024-05293;0;/v3/Links?sourcePid=10.17182/hepdata.131524.v1/t64&targetPid=10.3204/pubdb-2024-05293
3hbr;10.1016/j.chembiol.2009.04.010;1;/v3/Links?sourcePid=3hbr&targetPid=10.1016/j.chembiol.2009.04.010
10.17182/hepdata.144178.v1/t29;10.3204/pubdb-2024-04723;1;/v3/Links?sourcePid=10.17182/hepdata.144178.v1/t29&targetPid=10.3204/pubdb-2024-04723
8b1g;10.3204/pubdb-2023-06880;0;/v3/Links?sourcePid=8b1g&targetPid=10.3204/pubdb-2023-06880
10.17182/hepdata.136029.v1/t117;10.3204/pubdb-2022-06457;1;/v3/Links?sourcePid=10.17182/hepdata.136029.v1/t117&targetPid=10.3204/pubdb-2022-06457
10.17182/hepdata.136029.v1/t120;10.3204/pubdb-2022-06457;1;/v3/Links?sourcePid=10.17182/hepdata.136029.v1/t120&targetPid=10.3204/pubdb-2022-06457
10.17182/hepdata.136029.v1/t14;10.3204/pubdb-2022-06457;1;/v3/Links?sourcePid=10.17182/hepdata.136029.v1/t14&targetPid=10.3204/pubdb-2022-06457
10.5517/ccdc.csd.cc2gp3ny;10.1039/d3qo01389h;0;/v3/Links?sourcePid=10.5517/ccdc.csd.cc2gp3ny&targetPid=10.1039/d3qo01389h
10.17182/hepdata.86517.v1/t15;10.3204/pubdb-2018-04172;1;/v3/Links?sourcePid=10.17182/hepdata.86517.v1/t15&targetPid=10.3204/pubdb-2018-04172
3ca3;10.1002/prot.22222;1;/v3/Links?sourcePid=3ca3&targetPid=10.1002/prot.22222
10.17182/hepdata.101374.v1/t19;10.3204/pubdb-2021-03527;1;/v3/Links?sourcePid=10.17182/hepdata.101374.v1/t19&targetPid=10.3204/pubdb-2021-03527
10.17182/hepdata.85867.v1/t13;10.3204/pubdb-2018-00236;1;/v3/Links?sourcePid=10.17182/hepdata.85867.v1/t13&targetPid=10.3204/pubdb-2018-00236
10.17182/hepdata.135827.v2/t52;10.3204/pubdb-2022-07618;1;/v3/Links?sourcePid=10.17182/hepdata.135827.v2/t52&targetPid=10.3204/pubdb-2022-07618
10.17182/hepdata.128147.v1/t104;10.3204/pubdb-2022-05137;1;/v3/Links?sourcePid=10.17182/hepdata.128147.v1/t104&targetPid=10.3204/pubdb-2022-05137
10.17182/hepdata.128147.v1/t168;10.3204/pubdb-2022-05137;1;/v3/Links?sourcePid=10.17182/hepdata.128147.v1/t168&targetPid=10.3204/pubdb-2022-05137
10.17182/hepdata.128147.v1/t186;10.3204/pubdb-2022-05137;1;/v3/Links?sourcePid=10.17182/hepdata.128147.v1/t186&targetPid=10.3204/pubdb-2022-05137
10.17182/hepdata.81950.v1/t110;10.3204/pubdb-2018-04577;1;/v3/Links?sourcePid=10.17182/hepdata.81950.v1/t110&targetPid=10.3204/pubdb-2018-04577
10.5517/ccdc.csd.cc2g6z9z;10.3204/pubdb-2024-00243;0;/v3/Links?sourcePid=10.5517/ccdc.csd.cc2g6z9z&targetPid=10.3204/pubdb-2024-00243
10.17182/hepdata.80166.v1/t2;10.3204/pubdb-2018-02190;1;/v3/Links?sourcePid=10.17182/hepdata.80166.v1/t2&targetPid=10.3204/pubdb-2018-02190
10.17182/hepdata.90834.v1/t12;10.3204/pubdb-2019-03399;1;/v3/Links?sourcePid=10.17182/hepdata.90834.v1/t12&targetPid=10.3204/pubdb-2019-03399
10.17182/hepdata.90834.v1/t40;10.3204/pubdb-2019-03399;1;/v3/Links?sourcePid=10.17182/hepdata.90834.v1/t40&targetPid=10.3204/pubdb-2019-03399
10.17182/hepdata.94261.v1/t1;10.3204/pubdb-2020-02315;0;/v3/Links?sourcePid=10.17182/hepdata.94261.v1/t1&targetPid=10.3204/pubdb-2020-02315
10.17182/hepdata.106058.v1/t16;10.3204/pubdb-2023-06437;0;/v3/Links?sourcePid=10.17182/hepdata.106058.v1/t16&targetPid=10.3204/pubdb-2023-06437
10.17182/hepdata.134245.v1/t28;10.3204/pubdb-2024-05180;1;/v3/Links?sourcePid=10.17182/hepdata.134245.v1/t28&targetPid=10.3204/pubdb-2024-05180
10.17182/hepdata.96028.v1/t4;10.3204/pubdb-2020-05208;1;/v3/Links?sourcePid=10.17182/hepdata.96028.v1/t4&targetPid=10.3204/pubdb-2020-05208
10.6084/m9.figshare.4579216;10.3204/pubdb-2017-00948;1;/v3/Links?sourcePid=10.6084/m9.figshare.4579216&targetPid=10.3204/pubdb-2017-00948
10.17182/hepdata.84716.v2/t67;10.3204/pubdb-2018-03637;0;/v3/Links?sourcePid=10.17182/hepdata.84716.v2/t67&targetPid=10.3204/pubdb-2018-03637
2j6r;10.1016/j.jmb.2007.02.051;1;/v3/Links?sourcePid=2j6r&targetPid=10.1016/j.jmb.2007.02.051
10.5517/ccdc.csd.cc29cjdm;10.1039/d1dt04255f;0;/v3/Links?sourcePid=10.5517/ccdc.csd.cc29cjdm&targetPid=10.1039/d1dt04255f
10.17182/hepdata.127994.v1/t59;10.3204/pubdb-2023-04064;1;/v3/Links?sourcePid=10.17182/hepdata.127994.v1/t59&targetPid=10.3204/pubdb-2023-04064
10.17182/hepdata.110164.v1/t74;10.3204/pubdb-2022-07347;1;/v3/Links?sourcePid=10.17182/hepdata.110164.v1/t74&targetPid=10.3204/pubdb-2022-07347
10.17182/hepdata.145855.v1/t2;10.3204/pubdb-2023-07702;0;/v3/Links?sourcePid=10.17182/hepdata.145855.v1/t2&targetPid=10.3204/pubdb-2023-07702
10.17182/hepdata.88380.v1/t3;10.3204/pubdb-2018-04175;1;/v3/Links?sourcePid=10.17182/hepdata.88380.v1/t3&targetPid=10.3204/pubdb-2018-04175
10.17182/hepdata.94786.v1/t6;10.3204/pubdb-2020-02512;0;/v3/Links?sourcePid=10.17182/hepdata.94786.v1/t6&targetPid=10.3204/pubdb-2020-02512
10.17182/hepdata.80580.v1/t31;10.3204/pubdb-2017-13812;0;/v3/Links?sourcePid=10.17182/hepdata.80580.v1/t31&targetPid=10.3204/pubdb-2017-13812
10.17182/hepdata.80580.v1/t6;10.3204/pubdb-2017-13812;0;/v3/Links?sourcePid=10.17182/hepdata.80580.v1/t6&targetPid=10.3204/pubdb-2017-13812
10.25505/fiz.icsd.cc2cyxs1;10.3204/pubdb-2023-03828;1;/v3/Links?sourcePid=10.25505/fiz.icsd.cc2cyxs1&targetPid=10.3204/pubdb-2023-03828
10.6084/m9.figshare.c.4289636;10.3204/pubdb-2020-00525;1;/v3/Links?sourcePid=10.6084/m9.figshare.c.4289636&targetPid=10.3204/pubdb-2020-00525
10.17182/hepdata.77480.v1/t13;10.3204/pubdb-2017-02342;0;/v3/Links?sourcePid=10.17182/hepdata.77480.v1/t13&targetPid=10.3204/pubdb-2017-02342
10.5517/ccdc.csd.cc29hmhy;10.3204/pubdb-2022-01341;1;/v3/Links?sourcePid=10.5517/ccdc.csd.cc29hmhy&targetPid=10.3204/pubdb-2022-01341
10.5517/ccdc.csd.cc2bg3sq;10.3204/pubdb-2022-04626;0;/v3/Links?sourcePid=10.5517/ccdc.csd.cc2bg3sq&targetPid=10.3204/pubdb-2022-04626
10.17182/hepdata.114414.v1/t22;10.3204/pubdb-2022-00918;1;/v3/Links?sourcePid=10.17182/hepdata.114414.v1/t22&targetPid=10.3204/pubdb-2022-00918
10.17182/hepdata.76506.v1/t12;10.3204/pubdb-2016-06639;1;/v3/Links?sourcePid=10.17182/hepdata.76506.v1/t12&targetPid=10.3204/pubdb-2016-06639
10.17182/hepdata.90950.v1/t1;10.3204/pubdb-2019-03393;0;/v3/Links?sourcePid=10.17182/hepdata.90950.v1/t1&targetPid=10.3204/pubdb-2019-03393
7bmv;10.1038/s41598-021-95186-1;0;/v3/Links?sourcePid=7bmv&targetPid=10.1038/s41598-021-95186-1
10.17182/hepdata.79953.v2/t12;10.3204/pubdb-2017-13354;0;/v3/Links?sourcePid=10.17182/hepdata.79953.v2/t12&targetPid=10.3204/pubdb-2017-13354
10.25505/fiz.icsd.cc265cvm;10.3204/pubdb-2023-00884;0;/v3/Links?sourcePid=10.25505/fiz.icsd.cc265cvm&targetPid=10.3204/pubdb-2023-00884
10.17182/hepdata.138416.v1/t49;10.3204/pubdb-2024-04722;1;/v3/Links?sourcePid=10.17182/hepdata.138416.v1/t49&targetPid=10.3204/pubdb-2024-04722
10.17182/hepdata.138416.v2/t81;10.3204/pubdb-2024-04722;1;/v3/Links?sourcePid=10.17182/hepdata.138416.v2/t81&targetPid=10.3204/pubdb-2024-04722
10.17182/hepdata.146645.v1/t57;10.3204/pubdb-2024-00879;0;/v3/Links?sourcePid=10.17182/hepdata.146645.v1/t57&targetPid=10.3204/pubdb-2024-00879
10.17182/hepdata.144918.v1/t25;10.3204/pubdb-2024-05292;1;/v3/Links?sourcePid=10.17182/hepdata.144918.v1/t25&targetPid=10.3204/pubdb-2024-05292
10.17182/hepdata.81944.v1/t1;10.3204/pubdb-2017-13352;1;/v3/Links?sourcePid=10.17182/hepdata.81944.v1/t1&targetPid=10.3204/pubdb-2017-13352
10.17182/hepdata.81944.v2/t11;10.3204/pubdb-2017-13352;1;/v3/Links?sourcePid=10.17182/hepdata.81944.v2/t11&targetPid=10.3204/pubdb-2017-13352
10.17182/hepdata.91126.v1/t24;10.3204/pubdb-2020-02556;1;/v3/Links?sourcePid=10.17182/hepdata.91126.v1/t24&targetPid=10.3204/pubdb-2020-02556
10.17182/hepdata.91126.v1/t7;10.3204/pubdb-2020-02556;1;/v3/Links?sourcePid=10.17182/hepdata.91126.v1/t7&targetPid=10.3204/pubdb-2020-02556
5apd;10.1063/1.4931825;1;/v3/Links?sourcePid=5apd&targetPid=10.1063/1.4931825
10.17182/hepdata.135454.v1/t17;10.3204/pubdb-2022-06923;1;/v3/Links?sourcePid=10.17182/hepdata.135454.v1/t17&targetPid=10.3204/pubdb-2022-06923
10.17182/hepdata.81709.v1/t150;10.3204/pubdb-2018-04564;0;/v3/Links?sourcePid=10.17182/hepdata.81709.v1/t150&targetPid=10.3204/pubdb-2018-04564
10.17182/hepdata.81709.v1/t75;10.3204/pubdb-2018-04564;0;/v3/Links?sourcePid=10.17182/hepdata.81709.v1/t75&targetPid=10.3204/pubdb-2018-04564
10.17182/hepdata.113657.v3/t60;10.3204/pubdb-2022-04899;1;/v3/Links?sourcePid=10.17182/hepdata.113657.v3/t60&targetPid=10.3204/pubdb-2022-04899
10.17182/hepdata.113657.v3/t64;10.3204/pubdb-2022-04899;1;/v3/Links?sourcePid=10.17182/hepdata.113657.v3/t64&targetPid=10.3204/pubdb-2022-04899
10.17182/hepdata.135073.v1/t47;10.3204/pubdb-2023-04415;1;/v3/Links?sourcePid=10.17182/hepdata.135073.v1/t47&targetPid=10.3204/pubdb-2023-04415
10.17182/hepdata.94218.v1/t15;10.3204/pubdb-2020-02663;1;/v3/Links?sourcePid=10.17182/hepdata.94218.v1/t15&targetPid=10.3204/pubdb-2020-02663
10.17182/hepdata.115022.v2/t15;10.3204/pubdb-2022-01358;1;/v3/Links?sourcePid=10.17182/hepdata.115022.v2/t15&targetPid=10.3204/pubdb-2022-01358
10.17182/hepdata.115022.v2/t18;10.3204/pubdb-2022-01358;1;/v3/Links?sourcePid=10.17182/hepdata.115022.v2/t18&targetPid=10.3204/pubdb-2022-01358
10.17182/hepdata.96389.v1/t1;10.3204/pubdb-2021-02362;1;/v3/Links?sourcePid=10.17182/hepdata.96389.v1/t1&targetPid=10.3204/pubdb-2021-02362
10.17182/hepdata.94383.v1/t4;10.3204/pubdb-2020-02514;0;/v3/Links?sourcePid=10.17182/hepdata.94383.v1/t4&targetPid=10.3204/pubdb-2020-02514
10.17182/hepdata.145164.v1/t19;10.3204/pubdb-2023-07701;0;/v3/Links?sourcePid=10.17182/hepdata.145164.v1/t19&targetPid=10.3204/pubdb-2023-07701
10.17182/hepdata.95928.v1/t91;10.3204/pubdb-2023-04818;1;/v3/Links?sourcePid=10.17182/hepdata.95928.v1/t91&targetPid=10.3204/pubdb-2023-04818
10.17182/hepdata.98796.v2/t15;10.3204/pubdb-2020-05214;0;/v3/Links?sourcePid=10.17182/hepdata.98796.v2/t15&targetPid=10.3204/pubdb-2020-05214
10.17182/hepdata.144072.v1/t20;10.3204/pubdb-2024-06155;1;/v3/Links?sourcePid=10.17182/hepdata.144072.v1/t20&targetPid=10.3204/pubdb-2024-06155
10.17182/hepdata.91059.v1/t1;10.3204/pubdb-2020-02264;1;/v3/Links?sourcePid=10.17182/hepdata.91059.v1/t1&targetPid=10.3204/pubdb-2020-02264
10.17182/hepdata.91059.v1/t8;10.3204/pubdb-2020-02264;1;/v3/Links?sourcePid=10.17182/hepdata.91059.v1/t8&targetPid=10.3204/pubdb-2020-02264
10.17182/hepdata.45524.v1/t3;10.1140/epjc/s2005-02471-x;1;/v3/Links?sourcePid=10.17182/hepdata.45524.v1/t3&targetPid=10.1140/epjc/s2005-02471-x
10.17182/hepdata.132484.v1/t11;10.3204/pubdb-2023-04805;1;/v3/Links?sourcePid=10.17182/hepdata.132484.v1/t11&targetPid=10.3204/pubdb-2023-04805
10.17182/hepdata.132484.v1/t3;10.3204/pubdb-2023-04805;1;/v3/Links?sourcePid=10.17182/hepdata.132484.v1/t3&targetPid=10.3204/pubdb-2023-04805
10.17182/hepdata.89325.v1/t215;10.3204/pubdb-2020-04623;1;/v3/Links?sourcePid=10.17182/hepdata.89325.v1/t215&targetPid=10.3204/pubdb-2020-04623
10.17182/hepdata.89325.v1/t67;10.3204/pubdb-2020-04623;1;/v3/Links?sourcePid=10.17182/hepdata.89325.v1/t67&targetPid=10.3204/pubdb-2020-04623
10.17182/hepdata.89325.v1/t98;10.3204/pubdb-2020-04623;1;/v3/Links?sourcePid=10.17182/hepdata.89325.v1/t98&targetPid=10.3204/pubdb-2020-04623
10.17182/hepdata.99806.v2/t128;10.3204/pubdb-2020-05211;0;/v3/Links?sourcePid=10.17182/hepdata.99806.v2/t128&targetPid=10.3204/pubdb-2020-05211
10.5517/ccdc.csd.cc2h43d5;10.3204/pubdb-2023-05966;0;/v3/Links?sourcePid=10.5517/ccdc.csd.cc2h43d5&targetPid=10.3204/pubdb-2023-05966
10.25505/fiz.icsd.cc2cxqpq;10.3204/pubdb-2024-00210;0;/v3/Links?sourcePid=10.25505/fiz.icsd.cc2cxqpq&targetPid=10.3204/pubdb-2024-00210
7zhr;10.3204/pubdb-2023-01398;0;/v3/Links?sourcePid=7zhr&targetPid=10.3204/pubdb-2023-01398
10.17182/hepdata.95758.v1/t732;10.3204/pubdb-2019-05084;1;/v3/Links?sourcePid=10.17182/hepdata.95758.v1/t732&targetPid=10.3204/pubdb-2019-05084
10.17182/hepdata.95758.v1/t855;10.3204/pubdb-2019-05084;1;/v3/Links?sourcePid=10.17182/hepdata.95758.v1/t855&targetPid=10.3204/pubdb-2019-05084
10.17182/hepdata.134011.v1/t29;10.3204/pubdb-2022-05111;1;/v3/Links?sourcePid=10.17182/hepdata.134011.v1/t29&targetPid=10.3204/pubdb-2022-05111
10.25505/fiz.icsd.cc23b9zr;10.3204/pubdb-2023-01378;1;/v3/Links?sourcePid=10.25505/fiz.icsd.cc23b9zr&targetPid=10.3204/pubdb-2023-01378
10.17182/hepdata.92073.v1/t165;10.3204/pubdb-2020-02524;0;/v3/Links?sourcePid=10.17182/hepdata.92073.v1/t165&targetPid=10.3204/pubdb-2020-02524
10.17182/hepdata.92073.v1/t83;10.3204/pubdb-2020-02524;0;/v3/Links?sourcePid=10.17182/hepdata.92073.v1/t83&targetPid=10.3204/pubdb-2020-02524
10.17182/hepdata.92073.v2/t97;10.3204/pubdb-2020-02524;0;/v3/Links?sourcePid=10.17182/hepdata.92073.v2/t97&targetPid=10.3204/pubdb-2020-02524
10.5517/ccdc.csd.cc1p1cjm;10.3204/pubdb-2017-10415;1;/v3/Links?sourcePid=10.5517/ccdc.csd.cc1p1cjm&targetPid=10.3204/pubdb-2017-10415
10.17182/hepdata.95751.v2/t16;10.3204/pubdb-2022-06347;1;/v3/Links?sourcePid=10.17182/hepdata.95751.v2/t16&targetPid=10.3204/pubdb-2022-06347
10.17182/hepdata.95751.v2/t74;10.3204/pubdb-2022-06347;1;/v3/Links?sourcePid=10.17182/hepdata.95751.v2/t74&targetPid=10.3204/pubdb-2022-06347
10.17182/hepdata.91760.v1/t3;10.3204/pubdb-2020-02329;0;/v3/Links?sourcePid=10.17182/hepdata.91760.v1/t3&targetPid=10.3204/pubdb-2020-02329
10.17182/hepdata.93743.v1/t3;10.3204/pubdb-2019-04834;1;/v3/Links?sourcePid=10.17182/hepdata.93743.v1/t3&targetPid=10.3204/pubdb-2019-04834
10.17182/hepdata.90606.v1/t61;10.3204/pubdb-2019-05277;0;/v3/Links?sourcePid=10.17182/hepdata.90606.v1/t61&targetPid=10.3204/pubdb-2019-05277
10.17182/hepdata.140530.v1/t40;10.3204/pubdb-2023-07895;1;/v3/Links?sourcePid=10.17182/hepdata.140530.v1/t40&targetPid=10.3204/pubdb-2023-07895
10.17182/hepdata.140530.v1/t41;10.3204/pubdb-2023-07895;1;/v3/Links?sourcePid=10.17182/hepdata.140530.v1/t41&targetPid=10.3204/pubdb-2023-07895
10.17182/hepdata.137761.v1/t2;10.3204/pubdb-2023-06439;1;/v3/Links?sourcePid=10.17182/hepdata.137761.v1/t2&targetPid=10.3204/pubdb-2023-06439
3hs2;10.1016/j.cell.2010.05.039;1;/v3/Links?sourcePid=3hs2&targetPid=10.1016/j.cell.2010.05.039
10.17182/hepdata.94802.v1/t14;10.3204/pubdb-2020-02543;1;/v3/Links?sourcePid=10.17182/hepdata.94802.v1/t14&targetPid=10.3204/pubdb-2020-02543
10.17182/hepdata.85696.v1/t84;10.3204/pubdb-2018-01812;0;/v3/Links?sourcePid=10.17182/hepdata.85696.v1/t84&targetPid=10.3204/pubdb-2018-01812
10.17182/hepdata.85696.v2/t224;10.3204/pubdb-2018-01812;0;/v3/Links?sourcePid=10.17182/hepdata.85696.v2/t224&targetPid=10.3204/pubdb-2018-01812
10.17182/hepdata.132116.v2/t35;10.3204/pubdb-2024-00177;0;/v3/Links?sourcePid=10.17182/hepdata.132116.v2/t35&targetPid=10.3204/pubdb-2024-00177
10.5517/ccdc.csd.cc1zp9ts;10.3204/pubdb-2019-00414;0;/v3/Links?sourcePid=10.5517/ccdc.csd.cc1zp9ts&targetPid=10.3204/pubdb-2019-00414
10.17182/hepdata.106059.v1/t8;10.3204/pubdb-2021-05610;1;/v3/Links?sourcePid=10.17182/hepdata.106059.v1/t8&targetPid=10.3204/pubdb-2021-05610
10.17182/hepdata.106059.v2/t14;10.3204/pubdb-2021-05610;1;/v3/Links?sourcePid=10.17182/hepdata.106059.v2/t14&targetPid=10.3204/pubdb-2021-05610
10.17182/hepdata.144335.v1/t20;10.3204/pubdb-2024-04842;1;/v3/Links?sourcePid=10.17182/hepdata.144335.v1/t20&targetPid=10.3204/pubdb-2024-04842
10.17182/hepdata.144335.v1/t49;10.3204/pubdb-2024-04842;1;/v3/Links?sourcePid=10.17182/hepdata.144335.v1/t49&targetPid=10.3204/pubdb-2024-04842
10.17182/hepdata.144335.v1/t65;10.3204/pubdb-2024-04842;1;/v3/Links?sourcePid=10.17182/hepdata.144335.v1/t65&targetPid=10.3204/pubdb-2024-04842
1psp;10.1016/0969-2126(93)90014-8;1;/v3/Links?sourcePid=1psp&targetPid=10.1016/0969-2126(93)90014-8
10.17182/hepdata.99690.v1/t63;10.3204/pubdb-2020-03557;0;/v3/Links?sourcePid=10.17182/hepdata.99690.v1/t63&targetPid=10.3204/pubdb-2020-03557
10.17182/hepdata.141323.v1/t7;10.3204/pubdb-2023-05105;1;/v3/Links?sourcePid=10.17182/hepdata.141323.v1/t7&targetPid=10.3204/pubdb-2023-05105
10.17182/hepdata.91998.v1/t88;10.3204/pubdb-2021-02449;1;/v3/Links?sourcePid=10.17182/hepdata.91998.v1/t88&targetPid=10.3204/pubdb-2021-02449
10.17182/hepdata.91998.v1/t90;10.3204/pubdb-2021-02449;1;/v3/Links?sourcePid=10.17182/hepdata.91998.v1/t90&targetPid=10.3204/pubdb-2021-02449
10.17182/hepdata.76730.v1/t21;10.3204/pubdb-2018-00339;0;/v3/Links?sourcePid=10.17182/hepdata.76730.v1/t21&targetPid=10.3204/pubdb-2018-00339
10.17182/hepdata.88396.v1/t21;10.3204/pubdb-2019-01103;0;/v3/Links?sourcePid=10.17182/hepdata.88396.v1/t21&targetPid=10.3204/pubdb-2019-01103
3nc4;10.1016/j.bmc.2010.09.039;1;/v3/Links?sourcePid=3nc4&targetPid=10.1016/j.bmc.2010.09.039
10.17182/hepdata.103063.v1/t549;10.3204/pubdb-2021-05474;1;/v3/Links?sourcePid=10.17182/hepdata.103063.v1/t549&targetPid=10.3204/pubdb-2021-05474
4hgf;10.1039/c3cc39076d;0;/v3/Links?sourcePid=4hgf&targetPid=10.1039/c3cc39076d
10.17182/hepdata.147283.v1/t109;10.3204/pubdb-2023-08132;0;/v3/Links?sourcePid=10.17182/hepdata.147283.v1/t109&targetPid=10.3204/pubdb-2023-08132
10.5517/ccdc.csd.cc26rft7;10.3204/pubdb-2021-01075;0;/v3/Links?sourcePid=10.5517/ccdc.csd.cc26rft7&targetPid=10.3204/pubdb-2021-01075
10.17182/hepdata.16272.v1/t14;10.3204/pubdb-2017-04115;1;/v3/Links?sourcePid=10.17182/hepdata.16272.v1/t14&targetPid=10.3204/pubdb-2017-04115
10.17182/hepdata.103066.v1/t6;10.3204/pubdb-2022-00233;0;/v3/Links?sourcePid=10.17182/hepdata.103066.v1/t6&targetPid=10.3204/pubdb-2022-00233
10.17182/hepdata.138878.v1/t244;10.3204/pubdb-2024-05529;1;/v3/Links?sourcePid=10.17182/hepdata.138878.v1/t244&targetPid=10.3204/pubdb-2024-05529
10.17182/hepdata.101186.v2/t24;10.3204/pubdb-2021-01443;1;/v3/Links?sourcePid=10.17182/hepdata.101186.v2/t24&targetPid=10.3204/pubdb-2021-01443
10.17182/hepdata.101186.v2/t5;10.3204/pubdb-2021-01443;1;/v3/Links?sourcePid=10.17182/hepdata.101186.v2/t5&targetPid=10.3204/pubdb-2021-01443
10.17182/hepdata.137886.v1/t55;10.3204/pubdb-2022-00934;1;/v3/Links?sourcePid=10.17182/hepdata.137886.v1/t55&targetPid=10.3204/pubdb-2022-00934
10.17182/hepdata.13387.v1/t192;10.3204/phppubdb-6134;1;/v3/Links?sourcePid=10.17182/hepdata.13387.v1/t192&targetPid=10.3204/phppubdb-6134
10.17182/hepdata.13387.v1/t205;10.3204/phppubdb-6134;1;/v3/Links?sourcePid=10.17182/hepdata.13387.v1/t205&targetPid=10.3204/phppubdb-6134
5nfr;10.3204/pubdb-2019-01835;1;/v3/Links?sourcePid=5nfr&targetPid=10.3204/pubdb-2019-01835
7pmw;10.3204/pubdb-2024-00460;0;/v3/Links?sourcePid=7pmw&targetPid=10.3204/pubdb-2024-00460
7pmx;10.3204/pubdb-2024-00460;0;/v3/Links?sourcePid=7pmx&targetPid=10.3204/pubdb-2024-00460
10.17182/hepdata.93884.v1/t156;10.3204/pubdb-2021-02939;1;/v3/Links?sourcePid=10.17182/hepdata.93884.v1/t156&targetPid=10.3204/pubdb-2021-02939
6qi2;10.1126/science.aaw9904;1;/v3/Links?sourcePid=6qi2&targetPid=10.1126/science.aaw9904
10.17182/hepdata.93070.v1/t2;10.3204/pubdb-2019-00334;0;/v3/Links?sourcePid=10.17182/hepdata.93070.v1/t2&targetPid=10.3204/pubdb-2019-00334
10.17182/hepdata.135459.v1/t103;10.3204/pubdb-2022-05076;1;/v3/Links?sourcePid=10.17182/hepdata.135459.v1/t103&targetPid=10.3204/pubdb-2022-05076
10.17182/hepdata.135676.v1/t49;10.3204/pubdb-2023-04791;1;/v3/Links?sourcePid=10.17182/hepdata.135676.v1/t49&targetPid=10.3204/pubdb-2023-04791
3194945343;10.3204/pubdb-2023-00129;0;/v3/Links?sourcePid=3194945343&targetPid=10.3204/pubdb-2023-00129
10.17182/hepdata.11638.v1/t65;10.1007/bf02909169;1;/v3/Links?sourcePid=10.17182/hepdata.11638.v1/t65&targetPid=10.1007/bf02909169
1gdj;10.1006/jmbi.1995.0419;1;/v3/Links?sourcePid=1gdj&targetPid=10.1006/jmbi.1995.0419
10.17182/hepdata.62783.v1/t114;10.3204/desy-2013-00390;1;/v3/Links?sourcePid=10.17182/hepdata.62783.v1/t114&targetPid=10.3204/desy-2013-00390
10.17182/hepdata.62783.v1/t170;10.3204/desy-2013-00390;1;/v3/Links?sourcePid=10.17182/hepdata.62783.v1/t170&targetPid=10.3204/desy-2013-00390
10.17182/hepdata.62783.v1/t188;10.3204/desy-2013-00390;1;/v3/Links?sourcePid=10.17182/hepdata.62783.v1/t188&targetPid=10.3204/desy-2013-00390
2cst;10.1006/jmbi.1994.0126;1;/v3/Links?sourcePid=2cst&targetPid=10.1006/jmbi.1994.0126
10.5517/ccdc.csd.cc2046x9;10.3204/pubdb-2023-03744;0;/v3/Links?sourcePid=10.5517/ccdc.csd.cc2046x9&targetPid=10.3204/pubdb-2023-03744
10.17182/hepdata.130818.v2/t4;10.3204/pubdb-2023-04583;1;/v3/Links?sourcePid=10.17182/hepdata.130818.v2/t4&targetPid=10.3204/pubdb-2023-04583
10.5517/ccdc.csd.cc29lgt6;10.3204/pubdb-2023-01809;0;/v3/Links?sourcePid=10.5517/ccdc.csd.cc29lgt6&targetPid=10.3204/pubdb-2023-01809
6qup;10.3204/pubdb-2020-03201;1;/v3/Links?sourcePid=6qup&targetPid=10.3204/pubdb-2020-03201
6sff;10.3204/pubdb-2021-00104;1;/v3/Links?sourcePid=6sff&targetPid=10.3204/pubdb-2021-00104
10.5517/ccdc.csd.cc20gwcr;10.3204/pubdb-2019-00174;0;/v3/Links?sourcePid=10.5517/ccdc.csd.cc20gwcr&targetPid=10.3204/pubdb-2019-00174
6ql3;10.3204/pubdb-2019-03521;1;/v3/Links?sourcePid=6ql3&targetPid=10.3204/pubdb-2019-03521
10.5517/ccdc.csd.cc257qsy;10.3204/pubdb-2021-03629;1;/v3/Links?sourcePid=10.5517/ccdc.csd.cc257qsy&targetPid=10.3204/pubdb-2021-03629
10.5517/ccdc.csd.cc20wx83;10.3204/pubdb-2019-04080;1;/v3/Links?sourcePid=10.5517/ccdc.csd.cc20wx83&targetPid=10.3204/pubdb-2019-04080
10.15785/sbgrid/884;10.1107/s2059798322008397;0;/v3/Links?sourcePid=10.15785/sbgrid/884&targetPid=10.1107/s2059798322008397
4xe5;10.3204/pubdb-2019-01834;1;/v3/Links?sourcePid=4xe5&targetPid=10.3204/pubdb-2019-01834
10.5517/ccdc.csd.cc24vgt9;10.3204/pubdb-2020-05138;1;/v3/Links?sourcePid=10.5517/ccdc.csd.cc24vgt9&targetPid=10.3204/pubdb-2020-05138
10.5517/ccdc.csd.cc2ghds5;10.34734/fzj-2023-03651;0;/v3/Links?sourcePid=10.5517/ccdc.csd.cc2ghds5&targetPid=10.34734/fzj-2023-03651
10.5517/ccdc.csd.cc26tzvw;10.1039/d1dt00359c;0;/v3/Links?sourcePid=10.5517/ccdc.csd.cc26tzvw&targetPid=10.1039/d1dt00359c
10.6084/m9.figshare.c.3471585_d69.v1;10.1038/sdata.2017.3;1;/v3/Links?sourcePid=10.6084/m9.figshare.c.3471585_d69.v1&targetPid=10.1038/sdata.2017.3
7nf5;10.3390/ijms222111779;1;/v3/Links?sourcePid=7nf5&targetPid=10.3390/ijms222111779
10.17182/hepdata.93150.v1/t12;10.15120/gsi-2021-00161;0;/v3/Links?sourcePid=10.17182/hepdata.93150.v1/t12&targetPid=10.15120/gsi-2021-00161
10.17182/hepdata.133032.v1/t10;10.15120/gsi-2024-00279;0;/v3/Links?sourcePid=10.17182/hepdata.133032.v1/t10&targetPid=10.15120/gsi-2024-00279
10.17182/hepdata.145759.v1/t9;10.15120/gsi-2024-00165;0;/v3/Links?sourcePid=10.17182/hepdata.145759.v1/t9&targetPid=10.15120/gsi-2024-00165
10.17182/hepdata.95121.v1/t21;10.15120/gsi-2021-00175;0;/v3/Links?sourcePid=10.17182/hepdata.95121.v1/t21&targetPid=10.15120/gsi-2021-00175
10.17182/hepdata.92019.v1/t25;10.15120/gsi-2021-00372;0;/v3/Links?sourcePid=10.17182/hepdata.92019.v1/t25&targetPid=10.15120/gsi-2021-00372
10.17182/hepdata.78924.v1/t18;10.15120/gsi-2019-00408;0;/v3/Links?sourcePid=10.17182/hepdata.78924.v1/t18&targetPid=10.15120/gsi-2019-00408
10.17182/hepdata.89872;10.15120/gsi-2019-00660;0;/v3/Links?sourcePid=10.17182/hepdata.89872&targetPid=10.15120/gsi-2019-00660
10.17182/hepdata.133033.v1/t2;10.15120/gsi-2024-00283;0;/v3/Links?sourcePid=10.17182/hepdata.133033.v1/t2&targetPid=10.15120/gsi-2024-00283
10.17182/hepdata.110113.v1/t5;10.15120/gsi-2022-00103;0;/v3/Links?sourcePid=10.17182/hepdata.110113.v1/t5&targetPid=10.15120/gsi-2022-00103
10.17182/hepdata.100303.v1/t26;10.15120/gsi-2022-00068;1;/v3/Links?sourcePid=10.17182/hepdata.100303.v1/t26&targetPid=10.15120/gsi-2022-00068
10.17182/hepdata.128683.v1/t9;10.15120/gsi-2023-00145;1;/v3/Links?sourcePid=10.17182/hepdata.128683.v1/t9&targetPid=10.15120/gsi-2023-00145
10.17182/hepdata.96956.v1/t3;10.15120/gsi-2021-00160;1;/v3/Links?sourcePid=10.17182/hepdata.96956.v1/t3&targetPid=10.15120/gsi-2021-00160
10.17182/hepdata.93229.v1/t46;10.15120/gsi-2021-00189;0;/v3/Links?sourcePid=10.17182/hepdata.93229.v1/t46&targetPid=10.15120/gsi-2021-00189
10.17182/hepdata.99031.v1/t1;10.15120/gsi-2021-00178;1;/v3/Links?sourcePid=10.17182/hepdata.99031.v1/t1&targetPid=10.15120/gsi-2021-00178
10.17182/hepdata.141495.v1/t17;10.15120/gsi-2024-00242;0;/v3/Links?sourcePid=10.17182/hepdata.141495.v1/t17&targetPid=10.15120/gsi-2024-00242
10.17182/hepdata.100166.v1/t17;10.15120/gsi-2022-00070;1;/v3/Links?sourcePid=10.17182/hepdata.100166.v1/t17&targetPid=10.15120/gsi-2022-00070
10.17182/hepdata.100166.v1/t4;10.15120/gsi-2022-00070;1;/v3/Links?sourcePid=10.17182/hepdata.100166.v1/t4&targetPid=10.15120/gsi-2022-00070
10.17182/hepdata.134041;10.15120/gsi-2024-00254;0;/v3/Links?sourcePid=10.17182/hepdata.134041&targetPid=10.15120/gsi-2024-00254
10.17182/hepdata.154625.v1/t18;10.15120/gsi-2024-00309;0;/v3/Links?sourcePid=10.17182/hepdata.154625.v1/t18&targetPid=10.15120/gsi-2024-00309
10.17182/hepdata.154625.v1/t28;10.15120/gsi-2024-00309;0;/v3/Links?sourcePid=10.17182/hepdata.154625.v1/t28&targetPid=10.15120/gsi-2024-00309
10.17182/hepdata.143518.v1/t3;10.15120/gsi-2024-00223;0;/v3/Links?sourcePid=10.17182/hepdata.143518.v1/t3&targetPid=10.15120/gsi-2024-00223
10.17182/hepdata.94314.v1/t13;10.15120/gsi-2021-00163;1;/v3/Links?sourcePid=10.17182/hepdata.94314.v1/t13&targetPid=10.15120/gsi-2021-00163
10.17182/hepdata.94314.v1/t8;10.15120/gsi-2021-00163;1;/v3/Links?sourcePid=10.17182/hepdata.94314.v1/t8&targetPid=10.15120/gsi-2021-00163
10.17182/hepdata.114213.v1/t6;10.15120/gsi-2022-00081;0;/v3/Links?sourcePid=10.17182/hepdata.114213.v1/t6&targetPid=10.15120/gsi-2022-00081
10.17182/hepdata.96821.v1/t13;10.15120/gsi-2021-00198;1;/v3/Links?sourcePid=10.17182/hepdata.96821.v1/t13&targetPid=10.15120/gsi-2021-00198
10.17182/hepdata.65214.v1/t10;10.15120/gsi-2015-01478;0;/v3/Links?sourcePid=10.17182/hepdata.65214.v1/t10&targetPid=10.15120/gsi-2015-01478
10.17182/hepdata.128823.v1/t19;10.15120/gsi-2023-00144;1;/v3/Links?sourcePid=10.17182/hepdata.128823.v1/t19&targetPid=10.15120/gsi-2023-00144
10.17182/hepdata.128823.v1/t43;10.15120/gsi-2023-00144;1;/v3/Links?sourcePid=10.17182/hepdata.128823.v1/t43&targetPid=10.15120/gsi-2023-00144
10.17182/hepdata.128823.v1/t6;10.15120/gsi-2023-00144;1;/v3/Links?sourcePid=10.17182/hepdata.128823.v1/t6&targetPid=10.15120/gsi-2023-00144
10.17182/hepdata.110876.v1/t4;10.15120/gsi-2022-00106;1;/v3/Links?sourcePid=10.17182/hepdata.110876.v1/t4&targetPid=10.15120/gsi-2022-00106
10.6084/m9.figshare.5686561.v1;10.15120/gsi-2018-00517;1;/v3/Links?sourcePid=10.6084/m9.figshare.5686561.v1&targetPid=10.15120/gsi-2018-00517
10.17182/hepdata.135800.v1/t12;10.15120/gsi-2024-00233;0;/v3/Links?sourcePid=10.17182/hepdata.135800.v1/t12&targetPid=10.15120/gsi-2024-00233
10.17182/hepdata.100595.v1/t12;10.1103/physrevc.109.044902;0;/v3/Links?sourcePid=10.17182/hepdata.100595.v1/t12&targetPid=10.1103/physrevc.109.044902
10.17182/hepdata.106205.v1/t6;10.15120/gsi-2022-00109;1;/v3/Links?sourcePid=10.17182/hepdata.106205.v1/t6&targetPid=10.15120/gsi-2022-00109
10.17182/hepdata.138866.v1/t12;10.15120/gsi-2024-00238;0;/v3/Links?sourcePid=10.17182/hepdata.138866.v1/t12&targetPid=10.15120/gsi-2024-00238
10.34804/supra.2021092883;10.5445/ir/1000096907;0;/v3/Links?sourcePid=10.34804/supra.2021092883&targetPid=10.5445/ir/1000096907
10.17182/hepdata.144165.v1/t13;10.5445/ir/1000172922;1;/v3/Links?sourcePid=10.17182/hepdata.144165.v1/t13&targetPid=10.5445/ir/1000172922
10.5517/ccdc.csd.cc24wrvn;10.5445/ir/1000128152;1;/v3/Links?sourcePid=10.5517/ccdc.csd.cc24wrvn&targetPid=10.5445/ir/1000128152
1447884589;10.1016/s0025-3227(02)00659-x;0;/v3/Links?sourcePid=1447884589&targetPid=10.1016/s0025-3227(02)00659-x
10.5517/ccdc.csd.cc27jg08;10.5445/ir/1000133978;0;/v3/Links?sourcePid=10.5517/ccdc.csd.cc27jg08&targetPid=10.5445/ir/1000133978
10.17182/hepdata.130966.v1/t5;10.5445/ir/1000161107;1;/v3/Links?sourcePid=10.17182/hepdata.130966.v1/t5&targetPid=10.5445/ir/1000161107
10.5517/ccdc.csd.cc29b8b8;10.5445/ir/1000156367;1;/v3/Links?sourcePid=10.5517/ccdc.csd.cc29b8b8&targetPid=10.5445/ir/1000156367
10.5517/ccdc.csd.cc23htwb;10.5445/ir/1000117849;0;/v3/Links?sourcePid=10.5517/ccdc.csd.cc23htwb&targetPid=10.5445/ir/1000117849
10.17182/hepdata.95241.v1/t63;10.5445/ir/1000129424;1;/v3/Links?sourcePid=10.17182/hepdata.95241.v1/t63&targetPid=10.5445/ir/1000129424
10.17182/hepdata.77061.v1/t117;10.5445/ir/1000062855;0;/v3/Links?sourcePid=10.17182/hepdata.77061.v1/t117&targetPid=10.5445/ir/1000062855
10.5517/ccdc.csd.cc200wyw;10.5445/ir/1000096340;1;/v3/Links?sourcePid=10.5517/ccdc.csd.cc200wyw&targetPid=10.5445/ir/1000096340
10.5517/ccdc.csd.cc200x32;10.5445/ir/1000096340;1;/v3/Links?sourcePid=10.5517/ccdc.csd.cc200x32&targetPid=10.5445/ir/1000096340
10.5517/ccdc.csd.cc2fxd0s;10.1039/d3dt03323f;0;/v3/Links?sourcePid=10.5517/ccdc.csd.cc2fxd0s&targetPid=10.1039/d3dt03323f
10.17182/hepdata.77101.v2/t13;10.5445/ir/1000069358;0;/v3/Links?sourcePid=10.17182/hepdata.77101.v2/t13&targetPid=10.5445/ir/1000069358
10.17182/hepdata.77493.v1/t34;10.5445/ir/1000065383;1;/v3/Links?sourcePid=10.17182/hepdata.77493.v1/t34&targetPid=10.5445/ir/1000065383
10.5517/ccdc.csd.cc2bql0p;10.5445/ir/1000155404;1;/v3/Links?sourcePid=10.5517/ccdc.csd.cc2bql0p&targetPid=10.5445/ir/1000155404
10.5517/ccdc.csd.cc2k9sk7;10.5445/ir/1000174388;0;/v3/Links?sourcePid=10.5517/ccdc.csd.cc2k9sk7&targetPid=10.5445/ir/1000174388
10.6084/m9.figshare.7737218;10.5445/ir/1000096227;1;/v3/Links?sourcePid=10.6084/m9.figshare.7737218&targetPid=10.5445/ir/1000096227
10.6084/m9.figshare.7737701;10.5445/ir/1000096227;1;/v3/Links?sourcePid=10.6084/m9.figshare.7737701&targetPid=10.5445/ir/1000096227
10.6084/m9.figshare.7767992;10.5445/ir/1000096227;1;/v3/Links?sourcePid=10.6084/m9.figshare.7767992&targetPid=10.5445/ir/1000096227
10.6084/m9.figshare.7768133.v2;10.5445/ir/1000096227;1;/v3/Links?sourcePid=10.6084/m9.figshare.7768133.v2&targetPid=10.5445/ir/1000096227
10.34804/supra.20210928361;10.5445/ir/1000122219;0;/v3/Links?sourcePid=10.34804/supra.20210928361&targetPid=10.5445/ir/1000122219
10.1594/pangaea.939253;10.5445/ir/1000140549;1;/v3/Links?sourcePid=10.1594/pangaea.939253&targetPid=10.5445/ir/1000140549
10.17182/hepdata.77601;10.5445/ir/1000072960;0;/v3/Links?sourcePid=10.17182/hepdata.77601&targetPid=10.5445/ir/1000072960
10.5517/cczmcwt;10.1039/c3dt32869d;1;/v3/Links?sourcePid=10.5517/cczmcwt&targetPid=10.1039/c3dt32869d
10.2210/pdb2vvh/pdb;10.1073/pnas.0805949105;0;/v3/Links?sourcePid=10.2210/pdb2vvh/pdb&targetPid=10.1073/pnas.0805949105
10.5517/ccdc.csd.cc27p68f;10.5445/ir/1000133997;1;/v3/Links?sourcePid=10.5517/ccdc.csd.cc27p68f&targetPid=10.5445/ir/1000133997
10.17182/hepdata.115022.v1/t13;10.5445/ir/1000162510;0;/v3/Links?sourcePid=10.17182/hepdata.115022.v1/t13&targetPid=10.5445/ir/1000162510
10.17182/hepdata.115022.v2/t27;10.5445/ir/1000162510;0;/v3/Links?sourcePid=10.17182/hepdata.115022.v2/t27&targetPid=10.5445/ir/1000162510
10.17182/hepdata.115022.v2/t50;10.5445/ir/1000162510;0;/v3/Links?sourcePid=10.17182/hepdata.115022.v2/t50&targetPid=10.5445/ir/1000162510
10.17182/hepdata.66279.v1/t47;10.5445/ir/1000042095;0;/v3/Links?sourcePid=10.17182/hepdata.66279.v1/t47&targetPid=10.5445/ir/1000042095
10.5517/ccdc.csd.cc25126j;10.5445/ir/1000126900;1;/v3/Links?sourcePid=10.5517/ccdc.csd.cc25126j&targetPid=10.5445/ir/1000126900
10.5517/ccdc.csd.cc1p1n4j;10.1039/c7dt01864a;1;/v3/Links?sourcePid=10.5517/ccdc.csd.cc1p1n4j&targetPid=10.1039/c7dt01864a
10.35097/535;10.5445/ir/1000138917;1;/v3/Links?sourcePid=10.35097/535&targetPid=10.5445/ir/1000138917
10.35097/1684;10.5445/ir/1000162622;1;/v3/Links?sourcePid=10.35097/1684&targetPid=10.5445/ir/1000162622
10.5517/ccdc.csd.cc2hl1y3;10.5445/ir/1000168352;0;/v3/Links?sourcePid=10.5517/ccdc.csd.cc2hl1y3&targetPid=10.5445/ir/1000168352
10.13018/bmr34804;10.5445/ir/1000164933;0;/v3/Links?sourcePid=10.13018/bmr34804&targetPid=10.5445/ir/1000164933
10.5061/dryad.56kf4;10.5445/ir/1000042135;1;/v3/Links?sourcePid=10.5061/dryad.56kf4&targetPid=10.5445/ir/1000042135
10.5517/ccdc.csd.cc23jyzl;10.5445/ir/1000133588;1;/v3/Links?sourcePid=10.5517/ccdc.csd.cc23jyzl&targetPid=10.5445/ir/1000133588
10.5517/ccdc.csd.cc26854t;10.5445/ir/1000155391;1;/v3/Links?sourcePid=10.5517/ccdc.csd.cc26854t&targetPid=10.5445/ir/1000155391
10.5517/ccdc.csd.cc2h634z;10.5445/ir/1000168243;0;/v3/Links?sourcePid=10.5517/ccdc.csd.cc2h634z&targetPid=10.5445/ir/1000168243
10.5517/ccdc.csd.cc22f4ym;10.5445/ir/1000100423;0;/v3/Links?sourcePid=10.5517/ccdc.csd.cc22f4ym&targetPid=10.5445/ir/1000100423
10.6084/m9.figshare.c.3829141;10.5445/ir/1000072959;1;/v3/Links?sourcePid=10.6084/m9.figshare.c.3829141&targetPid=10.5445/ir/1000072959
10.5517/ccdc.csd.cc2h5p3h;10.5445/ir/1000168363;0;/v3/Links?sourcePid=10.5517/ccdc.csd.cc2h5p3h&targetPid=10.5445/ir/1000168363
10.6084/m9.figshare.c.3904489;10.5445/ir/1000076418;1;/v3/Links?sourcePid=10.6084/m9.figshare.c.3904489&targetPid=10.5445/ir/1000076418
3002928142;10.1029/2019pa003722;0;/v3/Links?sourcePid=3002928142&targetPid=10.1029/2019pa003722
10.2210/pdb2vzx/pdb;10.1021/bi900383a;0;/v3/Links?sourcePid=10.2210/pdb2vzx/pdb&targetPid=10.1021/bi900383a
10.5517/ccdc.csd.cc117twz;10.1039/c3dt52893f;0;/v3/Links?sourcePid=10.5517/ccdc.csd.cc117twz&targetPid=10.1039/c3dt52893f
10.17182/hepdata.88284.v1/t6;10.5445/ir/1000099318;0;/v3/Links?sourcePid=10.17182/hepdata.88284.v1/t6&targetPid=10.5445/ir/1000099318
10.17182/hepdata.79533.v1/t92;10.5445/ir/1000076393;0;/v3/Links?sourcePid=10.17182/hepdata.79533.v1/t92&targetPid=10.5445/ir/1000076393
10.17182/hepdata.77606.v1/t33;10.5445/ir/1000070254;0;/v3/Links?sourcePid=10.17182/hepdata.77606.v1/t33&targetPid=10.5445/ir/1000070254
10.5517/ccdc.csd.cc24d9c7;10.5445/ir/1000123397;1;/v3/Links?sourcePid=10.5517/ccdc.csd.cc24d9c7&targetPid=10.5445/ir/1000123397
